mistral_t0,qwen_t0,qwen_low,class_orig
0.0,0.0,0.0,0.0
0.8181818181818182,-0.0909090909090909,-0.0909090909090909,0.0
0.7241379310344828,-0.0344827586206896,-0.0344827586206896,0.0
0.625,0.0,0.0,0.0
0.625,0.0,0.0,0.0
0.9166666666666666,0.25,0.25,-0.0833333333333333
0.6666666666666666,0.0,0.0,-0.1111111111111111
0.6666666666666666,0.037037037037037,0.037037037037037,0.0
0.375,0.0625,0.0625,0.0
0.6944444444444444,-0.0555555555555555,-0.0555555555555555,0.0277777777777777
0.6176470588235294,-0.088235294117647,-0.088235294117647,-0.0294117647058823
0.782608695652174,0.0,0.0,0.0
0.72,0.0,0.0,0.0
0.3333333333333333,0.0,0.0,0.0
0.6666666666666666,0.0,0.0,0.0
0.5517241379310345,0.0344827586206896,0.0344827586206896,0.0344827586206896
0.9523809523809524,-0.0952380952380952,-0.0952380952380952,0.0
0.717948717948718,-0.1794871794871795,-0.0769230769230769,-0.0256410256410256
0.8918918918918919,-0.054054054054054,-0.054054054054054,-0.027027027027027
0.625,0.125,0.125,0.0
0.6923076923076923,-0.0769230769230769,-0.0769230769230769,0.0
0.6571428571428571,0.0285714285714285,0.0285714285714285,-0.0285714285714285
0.6923076923076923,0.0769230769230769,0.0769230769230769,0.0
0.6176470588235294,0.1176470588235294,0.088235294117647,0.0294117647058823
0.6764705882352942,-0.1176470588235294,-0.1176470588235294,0.0
0.8260869565217391,0.0869565217391304,0.0869565217391304,0.0
0.5652173913043478,-0.0869565217391304,-0.0869565217391304,0.0434782608695652
0.6153846153846154,-0.3461538461538461,-0.3461538461538461,0.0769230769230769
0.4186046511627907,-0.1162790697674418,-0.1162790697674418,0.0
0.4,-0.1428571428571428,-0.1428571428571428,0.0571428571428571
0.75,-0.078125,-0.078125,0.0
0.7037037037037037,-0.074074074074074,-0.074074074074074,0.0
0.4772727272727273,-0.0227272727272727,-0.0227272727272727,0.0227272727272727
0.5245901639344263,0.0491803278688524,0.0491803278688524,-0.0163934426229508
0.6,-0.15,-0.15,0.05
0.65,0.0,0.0,0.0
0.7169811320754716,-0.0943396226415094,-0.0943396226415094,-0.0188679245283018
0.6097560975609756,-0.073170731707317,-0.073170731707317,0.0
0.5555555555555556,-0.037037037037037,-0.037037037037037,0.037037037037037
0.631578947368421,-0.3684210526315789,-0.3684210526315789,0.1052631578947368
0.6792452830188679,-0.0943396226415094,-0.0943396226415094,-0.0377358490566037
0.7391304347826086,0.0869565217391304,0.0869565217391304,-0.0869565217391304
0.7528089887640449,-0.247191011235955,-0.247191011235955,0.0224719101123595
0.717948717948718,-0.1025641025641025,-0.1025641025641025,0.0256410256410256
0.8125,-0.0625,-0.0625,0.125
0.4166666666666667,-0.2083333333333333,-0.2083333333333333,-0.0416666666666666
0.75,-0.225,-0.225,0.0
0.7428571428571429,-0.1428571428571428,-0.1428571428571428,0.0285714285714285
0.6086956521739131,0.0652173913043478,0.0652173913043478,0.0
0.3448275862068966,-0.0344827586206896,-0.0344827586206896,0.0
0.6111111111111112,0.0,0.0,-0.0555555555555555
0.7910447761194029,0.0,0.0,0.0149253731343283
0.7435897435897436,0.0512820512820512,0.0512820512820512,0.0
0.6842105263157895,-0.0263157894736842,-0.0263157894736842,0.0263157894736842
0.7464788732394366,0.0704225352112676,0.0704225352112676,-0.0140845070422535
0.6271186440677966,0.0508474576271186,0.0508474576271186,0.0
0.96,-0.08,-0.08,0.0
0.4545454545454545,0.0454545454545454,0.0454545454545454,-0.0454545454545454
0.4583333333333333,-0.1666666666666666,-0.1666666666666666,0.0833333333333333
0.6376811594202898,-0.0289855072463768,-0.0289855072463768,0.0
0.423728813559322,0.0508474576271186,0.0508474576271186,-0.0508474576271186
0.6052631578947368,0.0526315789473684,0.0526315789473684,0.0
0.64375,0.03125,0.03125,-0.0125
0.7714285714285715,0.2285714285714285,0.2285714285714285,-0.1142857142857142
0.5777777777777777,0.0222222222222222,0.0222222222222222,0.0
0.725,0.075,0.075,-0.05
0.6,-0.1777777777777777,-0.1777777777777777,0.0
0.6507936507936508,-0.0158730158730158,-0.0158730158730158,0.0158730158730158
0.5,0.0555555555555555,0.0555555555555555,0.0
0.725,0.15,0.15,-0.075
0.7162162162162162,-0.0405405405405405,-0.0405405405405405,-0.0135135135135135
0.5135135135135135,0.0,0.0,0.0
0.6833333333333333,-0.2,-0.2,0.0166666666666666
0.6067415730337079,-0.1011235955056179,-0.1011235955056179,0.0224719101123595
0.6746987951807228,0.0,0.0,0.0
0.6624203821656051,-0.0636942675159235,-0.0636942675159235,0.0254777070063694
0.6410256410256411,-0.0256410256410256,-0.0256410256410256,0.0
0.6574074074074074,0.0277777777777777,0.0277777777777777,-0.0092592592592592
0.7116279069767442,-0.0046511627906976,-0.0046511627906976,0.013953488372093
0.6915422885572139,-0.0049751243781094,-0.0099502487562189,0.0
0.7621951219512195,0.0304878048780487,0.0,0.0
0.8796680497925311,0.0207468879668049,0.0207468879668049,-0.0082987551867219
0.8550185873605948,-0.1152416356877323,-0.1189591078066914,-0.0223880597014925
0.8,0.004,0.004,-0.04
0.7942386831275721,0.0164609053497942,0.0288065843621399,-0.012396694214876
0.783068783068783,-0.1164021164021164,-0.1164021164021164,0.0105820105820105
0.7697368421052632,-0.0986842105263157,-0.0986842105263157,0.0131578947368421
0.782051282051282,-0.0833333333333333,-0.0833333333333333,-0.0256410256410256
0.8235294117647058,-0.0156862745098039,-0.0196078431372549,0.0
0.6369426751592356,-0.0636942675159235,-0.0700636942675159,0.019108280254777
0.7724550898203593,-0.0419161676646706,-0.0419161676646706,0.0
0.8214285714285714,-0.0285714285714285,-0.0285714285714285,-0.0285714285714285
0.8095238095238095,-0.0136054421768707,0.0068027210884353,0.0204081632653061
0.7142857142857143,-0.0714285714285714,-0.0714285714285714,-0.0119047619047619
0.7444444444444445,-0.0611111111111111,-0.0611111111111111,0.0
0.7476635514018691,0.02803738317757,0.0373831775700934,0.0
0.845360824742268,0.0206185567010309,0.0206185567010309,-0.0206185567010309
0.7017543859649122,-0.0263157894736842,-0.043859649122807,0.0087719298245614
0.7818181818181819,-0.0545454545454545,-0.0545454545454545,0.006060606060606
0.7905405405405406,-0.0405405405405405,-0.0405405405405405,0.027027027027027
0.762589928057554,-0.0287769784172661,-0.0287769784172661,0.0071942446043165
0.5581395348837209,-0.0465116279069767,-0.0465116279069767,0.0116279069767441
0.6323529411764706,0.0,0.0,0.0
0.7037037037037037,-0.0493827160493827,-0.0493827160493827,0.0125
0.628099173553719,0.024793388429752,0.024793388429752,0.0
0.6666666666666666,-0.0512820512820512,-0.0512820512820512,0.0
0.695906432748538,-0.2573099415204678,-0.2748538011695906,0.0467836257309941
0.6893939393939394,0.0075757575757575,0.0075757575757575,-0.0227272727272727
0.5981308411214953,-0.0186915887850467,-0.0186915887850467,0.0
0.6821705426356589,-0.0465116279069767,-0.0465116279069767,0.0155038759689922
0.6271186440677966,-0.0169491525423728,-0.0169491525423728,0.0
0.6686390532544378,-0.0414201183431952,-0.029585798816568,0.0118343195266272
0.6614173228346457,-0.0944881889763779,-0.0944881889763779,0.0078740157480314
0.6620689655172414,-0.1379310344827586,-0.1379310344827586,-0.0068965517241379
0.5268817204301075,-0.064516129032258,-0.064516129032258,0.010752688172043
0.7063492063492064,-0.0952380952380952,-0.0952380952380952,0.0079365079365079
0.7903225806451613,-0.0806451612903225,-0.0806451612903225,0.0161290322580645
0.6363636363636364,-0.101010101010101,-0.101010101010101,0.0404040404040404
0.5739130434782609,-0.008695652173913,-0.008695652173913,0.008695652173913
0.5954198473282443,-0.0076335877862595,-0.0076335877862595,-0.0076335877862595
0.7386363636363636,0.034090909090909,0.034090909090909,-0.034090909090909
0.8061224489795918,-0.0612244897959183,-0.0612244897959183,0.010204081632653
0.8888888888888888,-0.0392156862745098,-0.0392156862745098,0.0065359477124183
0.7777777777777778,-0.0432098765432098,-0.0493827160493827,0.0123456790123456
0.7480314960629921,-0.1023622047244094,-0.0984251968503937,0.0354330708661417
0.7966101694915254,-0.0881355932203389,-0.0813559322033898,0.0067796610169491
0.8232323232323232,0.0252525252525252,0.0252525252525252,0.005050505050505
0.7769230769230769,-0.1384615384615384,-0.1346153846153846,0.0153846153846153
0.6818181818181818,-0.1212121212121212,-0.1439393939393939,0.0303030303030303
0.6694915254237288,-0.0677966101694915,-0.059322033898305,0.0
0.7157894736842105,-0.0842105263157894,-0.0842105263157894,0.0
0.8653846153846154,-0.0192307692307692,-0.0288461538461538,0.0
0.7864077669902912,-0.0679611650485436,-0.0679611650485436,0.029126213592233
0.8027210884353742,-0.0408163265306122,-0.0340136054421768,0.0068027210884353
0.7052631578947368,-0.0526315789473684,-0.0526315789473684,-0.0210526315789473
0.8765432098765432,-0.074074074074074,-0.0864197530864197,0.0123456790123456
0.8454545454545455,-0.109090909090909,-0.109090909090909,-0.009090909090909
0.7692307692307693,-0.1818181818181818,-0.1818181818181818,0.0279720279720279
0.7956989247311828,-0.2150537634408602,-0.2150537634408602,-0.0217391304347826
0.8398268398268398,-0.264069264069264,-0.2424242424242424,0.0476190476190476
0.7962962962962963,-0.1018518518518518,-0.1574074074074074,0.0093457943925233
0.6068376068376068,-0.2307692307692307,-0.2307692307692307,0.0086206896551724
0.7441860465116279,-0.0930232558139534,-0.0930232558139534,0.0
0.6854838709677419,-0.0483870967741935,-0.0483870967741935,-0.0403225806451612
0.6904761904761905,-0.0793650793650793,-0.0793650793650793,-0.0158730158730158
0.6607142857142857,-0.0803571428571428,-0.0803571428571428,0.0
0.4897959183673469,-0.0612244897959183,-0.0612244897959183,0.010204081632653
0.6375,-0.0125,-0.0125,0.0
0.6739130434782609,-0.0543478260869565,-0.0543478260869565,0.0217391304347826
0.5573770491803278,0.0,0.0,0.0
0.7159090909090909,0.0454545454545454,0.0454545454545454,0.0
0.6410256410256411,-0.0256410256410256,-0.017094017094017,-0.0256410256410256
0.7142857142857143,-0.0865800865800865,-0.0865800865800865,0.0303030303030303
0.5514018691588785,-0.0093457943925233,-0.0093457943925233,0.0
0.6810344827586207,-0.0172413793103448,-0.0172413793103448,0.0
0.6727272727272727,-0.0424242424242424,-0.0424242424242424,-0.0121212121212121
0.6578947368421053,-0.0328947368421052,-0.0131578947368421,0.0
0.6137931034482759,0.0137931034482758,0.0137931034482758,0.0
0.6524822695035462,0.0283687943262411,0.0283687943262411,-0.0070921985815602
0.6795580110497238,-0.0662983425414364,-0.0662983425414364,0.011049723756906
0.6301369863013698,-0.0342465753424657,-0.0342465753424657,-0.0068493150684931
0.5376344086021505,-0.010752688172043,-0.010752688172043,0.0
0.5789473684210527,0.0,0.0,-0.0263157894736842
0.5581395348837209,-0.0465116279069767,-0.0465116279069767,0.0186046511627906
0.6173285198555957,-0.0794223826714801,-0.075812274368231,0.0180505415162454
0.5294117647058824,-0.0147058823529411,-0.0147058823529411,-0.0367647058823529
0.7076271186440678,-0.0677966101694915,-0.0550847457627118,0.0127118644067796
0.6406926406926406,-0.0735930735930736,-0.0735930735930736,0.0
0.7014925373134329,-0.003731343283582,-0.003731343283582,-0.0074626865671641
0.6331877729257642,-0.1048034934497816,-0.1048034934497816,0.0218340611353711
0.6547619047619048,-0.0515873015873015,-0.0476190476190476,0.0
0.5813953488372093,-0.0813953488372093,-0.0775193798449612,-0.0038910505836575
0.6153846153846154,-0.0744416873449131,-0.0843672456575682,0.025
0.7821428571428571,-0.2,-0.1964285714285714,0.050179211469534
0.6518105849582173,-0.022284122562674,-0.022284122562674,0.0083565459610027
0.691304347826087,-0.058695652173913,-0.0630434782608695,0.0152173913043478
0.5161290322580645,-0.0129032258064516,-0.0096774193548387,-0.0064516129032258
0.6350574712643678,-0.057471264367816,-0.057471264367816,0.0086206896551724
0.5909090909090909,-0.0303030303030303,-0.0303030303030303,-0.0075757575757575
0.7700787401574803,0.0708661417322834,0.0724409448818897,-0.0204724409448818
0.6333333333333333,-0.0261904761904761,-0.0261904761904761,0.0023866348448687
0.5159574468085106,-0.0079787234042553,-0.0079787234042553,0.0159574468085106
0.7127937336814621,-0.0078328981723237,-0.0078328981723237,0.0026109660574412
0.52,-0.032,-0.032,0.0026666666666666
0.5121951219512195,0.0195121951219512,0.0146341463414634,-0.024390243902439
0.4955357142857143,-0.0334821428571428,-0.0379464285714285,0.0089485458612975
0.601010101010101,-0.0151515151515151,-0.0151515151515151,0.0101010101010101
0.6180257510729614,0.0128755364806866,0.0128755364806866,-0.0042918454935622
0.673992673992674,0.0293040293040293,0.0293040293040293,0.0
0.5517241379310345,-0.0301724137931034,-0.0258620689655172,-0.0043103448275862
0.5260115606936416,-0.0520231213872832,-0.0520231213872832,0.0
0.5420875420875421,-0.0269360269360269,-0.0269360269360269,0.0
0.6483931947069943,-0.1115311909262759,-0.1115311909262759,0.0303030303030303
0.5309090909090909,-0.0036363636363636,0.0036363636363636,-0.0109090909090909
0.5014084507042254,-0.0028169014084507,-0.0056338028169014,0.0169014084507042
0.5501222493887531,-0.0513447432762836,-0.0513447432762836,0.0122249388753056
0.5,-0.0701219512195122,-0.0701219512195122,0.0152439024390243
0.4576271186440678,-0.1016949152542373,-0.1016949152542373,0.0
0.5193370165745856,-0.0386740331491712,-0.0359116022099447,0.0
0.4615384615384615,-0.0826210826210826,-0.0826210826210826,0.0341880341880341
0.577639751552795,-0.1739130434782608,-0.1614906832298136,0.0248447204968944
0.6795865633074936,0.0258397932816537,0.0258397932816537,-0.0129198966408268
0.4199134199134199,-0.0086580086580086,-0.0086580086580086,0.0043290043290043
0.5531062124248497,-0.0561122244488977,-0.0561122244488977,0.002004008016032
0.6076555023923444,-0.0143540669856459,-0.0143540669856459,0.0023923444976076
0.6630265210608425,-0.0312012480499219,-0.0327613104524181,0.0046875
0.5872093023255814,0.0290697674418604,0.0174418604651162,-0.0232558139534883
0.6133333333333333,-0.08,-0.0755555555555555,0.0177777777777777
0.5448577680525164,-0.0175054704595186,-0.0175054704595186,0.0021881838074398
0.4723756906077348,0.0220994475138121,0.0220994475138121,-0.0248618784530386
0.5698005698005698,-0.0313390313390313,-0.0313390313390313,-0.0028490028490028
0.6106870229007634,0.08206106870229,0.08206106870229,-0.0267175572519083
0.5534441805225653,-0.0332541567695962,-0.0475059382422802,0.002375296912114
0.5390428211586902,-0.0226700251889168,-0.0226700251889168,0.0075566750629722
0.5126262626262627,0.0202020202020202,0.0202020202020202,-0.0151515151515151
0.5083932853717026,-0.0383693045563549,-0.0359712230215827,0.0191846522781774
0.4173387096774194,0.0040322580645161,0.0040322580645161,0.0040322580645161
0.4662921348314606,-0.0252808988764044,-0.0252808988764044,0.0112359550561797
0.5748792270531401,0.0064412238325281,0.0048309178743961,0.0112721417069243
0.5277108433734939,-0.0313253012048192,-0.0313253012048192,-0.0048192771084337
0.4594017094017094,-0.0512820512820512,-0.047008547008547,0.0149892933618843
0.5621890547263682,-0.0597014925373134,-0.0572139303482587,-0.0099502487562189
0.5031446540880503,-0.0062893081761006,-0.0094339622641509,-0.0125786163522012
0.458041958041958,0.0104895104895104,0.0104895104895104,-0.0034965034965034
0.5533453887884268,-0.023508137432188,-0.0216998191681736,-0.0108499095840868
0.4988179669030733,-0.0307328605200945,-0.0307328605200945,0.0118203309692671
0.4817708333333333,-0.0286458333333333,-0.0286458333333333,-0.0130548302872062
0.5718157181571816,-0.021680216802168,-0.018970189701897,-0.010840108401084
0.4128440366972477,-0.0275229357798165,-0.0275229357798165,-0.0061162079510703
0.4629258517034068,-0.0841683366733467,-0.0881763527054108,0.0460921843687374
0.4344262295081967,0.0368852459016393,0.0368852459016393,-0.0040983606557377
0.5902004454342984,0.0244988864142538,0.0244988864142538,-0.0335570469798657
0.4805970149253731,0.0119402985074626,0.0119402985074626,-0.0208955223880597
0.4956011730205278,-0.0117302052785923,-0.0117302052785923,0.0058651026392961
0.5866261398176292,-0.0364741641337386,-0.0364741641337386,0.0060975609756097
0.5723981900452488,0.0384615384615384,0.0339366515837104,-0.004524886877828
0.5286885245901639,-0.0081967213114754,-0.0081967213114754,0.0
0.5687103594080338,0.0211416490486257,0.0169133192389006,-0.0084566596194503
0.391304347826087,0.0079051383399209,0.0079051383399209,-0.0118577075098814
0.4618181818181818,-0.0254545454545454,-0.0254545454545454,-0.0036363636363636
0.563953488372093,0.0581395348837209,0.063953488372093,-0.0581395348837209
0.4163265306122449,-0.0081632653061224,-0.0081632653061224,0.0
0.335548172757475,-0.0897009966777408,-0.0897009966777408,0.0631229235880398
0.5034246575342466,0.0171232876712328,0.0171232876712328,-0.0034246575342465
0.6234817813765182,-0.0323886639676113,-0.0323886639676113,-0.0060975609756097
0.4525547445255474,-0.0401459854014598,-0.0401459854014598,0.0328467153284671
0.398,-0.018,-0.014,0.04
0.526829268292683,-0.073170731707317,-0.0707317073170731,0.0365853658536585
0.4602272727272727,-0.0625,-0.0681818181818181,0.0369318181818181
0.4846416382252559,-0.0102389078498293,-0.0102389078498293,-0.0034246575342465
0.5995670995670995,-0.0562770562770562,-0.0649350649350649,0.0173160173160173
0.4248021108179419,-0.0290237467018469,-0.0290237467018469,0.0290237467018469
0.4682539682539682,0.0317460317460317,0.0396825396825396,-0.0079681274900398
0.5876777251184834,-0.0142180094786729,-0.0142180094786729,-0.009501187648456
0.4324324324324324,-0.048048048048048,-0.048048048048048,0.003003003003003
0.5707317073170731,-0.0560975609756097,-0.0439024390243902,-0.0073170731707317
0.5668449197860963,0.0,0.0,-0.002680965147453
0.6486988847583643,-0.0260223048327137,-0.0260223048327137,0.0149253731343283
0.5449438202247191,0.0,0.0,-0.0393258426966292
0.7686567164179104,0.0,0.0149253731343283,-0.0298507462686567
0.5124378109452736,-0.044776119402985,-0.044776119402985,-0.0049751243781094
0.5977011494252874,-0.0545977011494252,-0.0545977011494252,0.0028735632183908
0.5747800586510264,0.0586510263929618,0.0557184750733137,0.0615835777126099
0.5733634311512416,-0.0135440180586907,-0.0135440180586907,0.0067720090293453
0.5988023952095808,-0.0359281437125748,-0.0359281437125748,-0.0209580838323353
0.549800796812749,-0.0318725099601593,-0.0318725099601593,0.0
0.4462809917355372,-0.024793388429752,-0.0358126721763085,0.0055096418732782
0.6421052631578947,-0.0789473684210526,-0.0868421052631579,0.0026315789473684
0.5605700712589073,0.007125890736342,-0.004750593824228,-0.0119331742243436
0.6003616636528029,0.0307414104882459,0.0307414104882459,0.0054249547920434
0.662109375,-0.0185546875,-0.017578125,0.0264187866927592
0.5732647814910026,0.0308483290488431,0.0295629820051413,-0.0012853470437017
0.4904109589041096,-0.0547945205479452,-0.0547945205479452,0.0068493150684931
0.5702005730659025,-0.0329512893982808,-0.0358166189111747,-0.0014430014430014
0.5385674931129476,-0.0041322314049586,-0.0041322314049586,0.0027548209366391
0.5749559082892416,-0.0105820105820105,-0.0105820105820105,-0.0070546737213403
0.5378250591016549,-0.0496453900709219,-0.0496453900709219,0.0011848341232227
0.4750733137829912,-0.0131964809384164,-0.0131964809384164,0.0102790014684287
0.5305785123966942,0.0049586776859504,0.0082644628099173,-0.0066115702479338
0.5523012552301255,-0.0446304044630404,-0.0446304044630404,0.00418410041841
0.5258215962441315,0.0062597809076682,0.0062597809076682,0.0031298904538341
0.5165125495376486,-0.0052840158520475,-0.0052840158520475,0.0039630118890356
0.5138662316476346,0.0048939641109298,0.0048939641109298,-0.0032626427406199
0.6365883807169345,0.0210135970333745,0.0210135970333745,-0.0135970333745364
0.5777777777777777,-0.0142857142857142,-0.0142857142857142,-0.0095238095238095
0.5016501650165016,-0.0313531353135313,-0.0313531353135313,0.0066006600660066
0.6183644189383071,0.0071736011477761,0.0071736011477761,0.0028694404591104
0.5673758865248227,0.0070921985815602,0.0070921985815602,-0.0053191489361702
0.575,0.0136363636363636,0.0136363636363636,-0.0136363636363636
0.6712121212121213,-0.0348484848484848,-0.0333333333333333,-0.0045454545454545
0.5669724770642202,0.0036697247706422,0.0036697247706422,-0.0128440366972477
0.5770609318996416,-0.043010752688172,0.007168458781362,-0.0323159784560143
0.5808477237048666,0.0266875981161695,0.0266875981161695,-0.0142405063291139
0.6810344827586207,-0.0747126436781609,-0.0747126436781609,0.0086206896551724
0.573373676248109,-0.0060514372163388,-0.0121028744326777,-0.0075642965204236
0.5537525354969574,0.0081135902636916,0.0101419878296146,0.0081135902636916
0.6729411764705883,-0.0411764705882352,-0.0423529411764705,0.0011764705882352
0.6501831501831502,0.0201465201465201,0.0219780219780219,-0.0054945054945054
0.6526717557251909,0.0178117048346055,0.0178117048346055,-0.0076335877862595
0.6866666666666666,0.0026666666666666,-0.016,-0.0266666666666666
0.5340699815837937,-0.0552486187845303,-0.0552486187845303,0.003683241252302
0.4852941176470588,-0.0063025210084033,-0.0063025210084033,0.0252100840336134
0.6146926536731634,-0.0014992503748125,-0.0029985007496251,-0.0059970014992503
0.5930807248764415,0.057660626029654,0.0609555189456342,-0.0444810543657331
0.5714285714285714,0.0567986230636833,0.0567986230636833,-0.0103270223752151
0.5897887323943662,0.0176056338028169,0.0176056338028169,-0.0017605633802816
0.4844444444444444,0.0088888888888888,0.0111111111111111,0.0111111111111111
0.626453488372093,0.0319767441860465,0.0319767441860465,-0.0276564774381368
0.6472545757071547,0.0532445923460898,0.0732113144758735,-0.005008347245409
0.7310536044362292,0.0609981515711645,0.0609981515711645,-0.0231053604436229
0.4427244582043343,-0.0092879256965944,-0.0092879256965944,0.0092879256965944
0.5342019543973942,0.009771986970684,0.01628664495114,0.0
0.5637342908438061,0.059245960502693,0.0556552962298025,-0.0143626570915619
0.6368932038834951,-0.003883495145631,-0.0077669902912621,-0.0233009708737864
0.5394456289978679,-0.0362473347547974,-0.0319829424307036,0.0234541577825159
0.690625,-0.071875,-0.0734375,0.0156494522691705
0.5655487804878049,-0.0609756097560975,-0.0548780487804878,0.0304878048780487
0.7029411764705882,-0.0294117647058823,-0.0279411764705882,-0.0073529411764705
0.6211072664359861,-0.0726643598615917,-0.07439446366782,0.0121107266435986
0.593939393939394,0.0,0.0,-0.0181818181818181
0.601010101010101,-0.0286195286195286,-0.0235690235690235,0.0084175084175084
0.5472727272727272,-0.0109090909090909,-0.0127272727272727,0.0018181818181818
0.640479360852197,-0.0932090545938748,-0.0932090545938748,0.0240320427236315
0.6295620437956204,0.0145985401459854,0.0145985401459854,-0.0257826887661141
0.6938483547925608,-0.161659513590844,-0.1630901287553648,-0.0100864553314121
0.7634146341463415,-0.1121951219512195,-0.1146341463414634,-0.017156862745098
0.7577639751552795,-0.031055900621118,-0.0279503105590062,-0.034375
0.6753246753246753,-0.1731601731601731,-0.1731601731601731,0.0220264317180616
0.7738359201773836,-0.0266075388026607,-0.0266075388026607,-0.0465631929046563
0.7464114832535885,-0.0478468899521531,-0.0478468899521531,-0.0143540669856459
0.6265560165975104,-0.0497925311203319,-0.0497925311203319,-0.0207468879668049
0.7360515021459227,0.0364806866952789,0.03862660944206,-0.0901287553648068
0.6037099494097807,0.0438448566610455,0.0438448566610455,-0.0455311973018549
0.5437710437710438,0.0235690235690235,0.0252525252525252,-0.069023569023569
0.5900621118012422,-0.0403726708074534,-0.046583850931677,-0.0186335403726708
0.565587734241908,-0.0119250425894378,-0.0119250425894378,-0.017094017094017
0.5035335689045937,-0.0212014134275618,-0.0212014134275618,0.0017667844522968
0.4322033898305085,-0.059322033898305,-0.059322033898305,0.0127118644067796
0.5259391771019678,-0.0196779964221824,-0.0232558139534883,0.0017889087656529
0.4874551971326165,-0.053763440860215,-0.053763440860215,0.0125448028673835
0.4952153110047846,0.0095693779904306,0.0095693779904306,0.0047846889952153
0.4775510204081633,-0.0877551020408163,-0.0877551020408163,0.0306122448979591
0.4829059829059829,-0.0235042735042735,-0.0213675213675213,0.0277777777777777
0.5972222222222222,0.0555555555555555,0.0555555555555555,-0.0232558139534883
0.7066115702479339,0.0826446280991735,0.0826446280991735,-0.0622406639004149
0.7891566265060241,0.0331325301204819,0.0331325301204819,-0.0395136778115501
0.7094339622641509,0.090566037735849,0.090566037735849,-0.0754716981132075
0.6612244897959184,-0.0244897959183673,-0.0326530612244898,-0.0571428571428571
0.4229415904292751,-0.0147783251231527,-0.0147783251231527,-0.0049261083743842
0.3267626990144048,-0.0341167551175132,-0.0326004548900682,0.0049298445202882
0.6929824561403509,0.0131578947368421,0.0263157894736842,-0.0704845814977973
0.6796875,0.0078125,0.0078125,-0.015625
0.5112359550561798,0.0224719101123595,0.0224719101123595,-0.0224719101123595
0.5275590551181102,-0.0314960629921259,-0.0314960629921259,0.0236220472440944
0.648936170212766,0.1170212765957446,0.1170212765957446,-0.0212765957446808
0.5363128491620112,0.0502793296089385,0.0502793296089385,-0.0391061452513966
0.6766467065868264,0.0419161676646706,0.0419161676646706,-0.0119760479041916
0.6515151515151515,0.1893939393939394,0.1893939393939394,-0.0303030303030303
0.7191011235955056,0.0,0.0,-0.0898876404494382
0.56,0.02,0.01,-0.06
0.6197183098591549,0.0845070422535211,0.0845070422535211,-0.0704225352112676
0.7335907335907336,0.1776061776061776,0.1776061776061776,-0.0501930501930501
0.759493670886076,0.0126582278481012,0.0126582278481012,0.0
0.392156862745098,-0.0392156862745098,-0.0392156862745098,0.0
0.5862068965517241,0.0344827586206896,0.0344827586206896,-0.0620689655172413
0.5142857142857142,0.1142857142857142,0.1142857142857142,-0.0714285714285714
0.6538461538461539,0.0,0.0,-0.0192307692307692
0.4761904761904761,0.0238095238095238,0.0238095238095238,0.0
0.4302325581395348,0.0465116279069767,0.0465116279069767,-0.0348837209302325
0.5507246376811594,-0.0144927536231884,-0.0144927536231884,-0.0144927536231884
0.7272727272727273,0.1704545454545454,0.1704545454545454,-0.0795454545454545
0.5662650602409639,0.1686746987951807,0.1686746987951807,-0.0843373493975903
0.7,0.24,0.24,-0.21
0.5891472868217055,0.1937984496124031,0.1937984496124031,-0.0232558139534883
0.7478260869565218,0.3304347826086956,0.3304347826086956,-0.1130434782608695
0.7794117647058824,0.1764705882352941,0.1764705882352941,-0.0735294117647058
0.7078651685393258,0.1910112359550561,0.1910112359550561,-0.146067415730337
0.7931034482758621,0.0517241379310344,0.0603448275862069,-0.0689655172413793
0.7647058823529411,0.0147058823529411,0.0147058823529411,0.0294117647058823
0.5370370370370371,0.0,0.0,0.0
0.6458333333333334,0.0,0.0,-0.0208333333333333
0.5952380952380952,0.0119047619047619,0.0119047619047619,-0.0238095238095238
0.4333333333333333,0.0,0.0,0.0
0.6666666666666666,0.0888888888888888,0.0888888888888888,-0.0444444444444444
0.5619047619047619,0.0095238095238095,0.0095238095238095,-0.0380952380952381
0.5959595959595959,-0.1414141414141414,-0.1414141414141414,0.0101010101010101
0.6865671641791045,-0.0298507462686567,-0.0298507462686567,-0.0149253731343283
0.7521367521367521,0.0256410256410256,0.0598290598290598,-0.1153846153846153
0.6617647058823529,0.0735294117647058,0.0735294117647058,-0.0588235294117647
0.5684210526315789,0.0210526315789473,0.0210526315789473,0.0
0.6095238095238096,0.1428571428571428,0.1428571428571428,-0.0761904761904762
0.631578947368421,0.0175438596491228,0.0175438596491228,-0.0089285714285714
0.4693877551020408,-0.1020408163265306,-0.1020408163265306,-0.0204081632653061
0.6036036036036037,-0.054054054054054,-0.054054054054054,-0.018018018018018
0.5833333333333334,-0.0277777777777777,-0.0277777777777777,-0.0138888888888888
0.5,0.09375,0.078125,0.0
0.4742268041237113,0.1443298969072164,0.1443298969072164,-0.0206185567010309
0.4923076923076923,-0.0153846153846153,-0.0153846153846153,0.0153846153846153
0.568,0.024,0.024,0.0
0.4680851063829787,0.0212765957446808,0.0212765957446808,-0.0212765957446808
0.7,0.0,0.0,0.0
0.5652173913043478,-0.1304347826086956,-0.1304347826086956,0.0
0.4,-0.16,-0.16,-0.04
0.4666666666666667,-0.0666666666666666,-0.0666666666666666,0.0
0.2903225806451613,0.032258064516129,0.032258064516129,-0.032258064516129
0.0,0.0,0.0,0.0
0.25,0.0,0.0,0.0
0.6052631578947368,0.0263157894736842,0.0263157894736842,0.0
0.5,0.0,0.0,0.0
0.8888888888888888,0.0,0.0,0.0
0.0,0.0,0.0,0.0
0.4571428571428571,-0.1142857142857142,-0.1142857142857142,0.0
0.2307692307692307,0.0,0.0,0.0
0.6956521739130435,0.0,0.0,0.0
0.75,-0.25,-0.25,0.0
1.0,0.0,0.0,0.0
0.746268656716418,0.2985074626865671,0.2985074626865671,-0.1343283582089552
0.7391304347826086,0.0869565217391304,0.0869565217391304,0.0
0.4871794871794871,-0.2179487179487179,-0.2179487179487179,0.0
0.8484848484848485,0.0,0.0,-0.106060606060606
0.5111111111111111,-0.0333333333333333,-0.0333333333333333,-0.0222222222222222
0.746268656716418,0.0597014925373134,0.0597014925373134,-0.0298507462686567
0.5,0.0111111111111111,0.0555555555555555,-0.0444444444444444
0.675,0.4375,0.4375,-0.125
0.6106194690265486,0.0265486725663716,0.0265486725663716,0.0
0.6464646464646465,0.1111111111111111,0.1111111111111111,-0.0202020202020202
0.4056603773584906,0.0094339622641509,0.0094339622641509,-0.0471698113207547
0.7246376811594203,0.2826086956521739,0.2898550724637681,-0.1897810218978102
0.5517241379310345,0.1379310344827586,0.1379310344827586,-0.1379310344827586
0.631578947368421,-0.0087719298245614,-0.0087719298245614,-0.0087719298245614
0.6610169491525424,0.0508474576271186,0.0508474576271186,-0.0169491525423728
0.4912280701754385,0.0,0.0,0.0
0.5254237288135594,0.0508474576271186,0.0508474576271186,-0.0169491525423728
0.5053763440860215,0.1182795698924731,0.1182795698924731,-0.010752688172043
0.5873015873015873,0.0634920634920634,0.0634920634920634,-0.0158730158730158
0.4264705882352941,0.1029411764705882,0.1029411764705882,-0.0588235294117647
0.68,-0.04,-0.04,0.04
0.5803571428571429,0.1071428571428571,0.1071428571428571,0.0
0.5686274509803921,0.0,0.0,0.0
0.7614678899082569,0.0825688073394495,0.0825688073394495,-0.0825688073394495
0.5172413793103449,0.1034482758620689,0.1034482758620689,-0.1379310344827586
0.6363636363636364,0.0202020202020202,0.0202020202020202,-0.0101010101010101
0.66,0.09,0.09,-0.07
0.5340909090909091,0.0454545454545454,0.1363636363636363,-0.0113636363636363
0.6105263157894737,0.031578947368421,0.0210526315789473,-0.0421052631578947
0.5384615384615384,0.0461538461538461,0.0461538461538461,-0.0461538461538461
0.4022988505747126,0.0459770114942528,0.0459770114942528,0.0
0.6296296296296297,0.0617283950617283,0.0617283950617283,0.0
0.4404761904761904,-0.0238095238095238,-0.0238095238095238,-0.0714285714285714
0.7640449438202247,0.1123595505617977,0.0898876404494382,-0.0224719101123595
0.6153846153846154,0.1282051282051282,0.1282051282051282,-0.0769230769230769
0.6621621621621622,-0.027027027027027,-0.027027027027027,0.0
0.6296296296296297,0.0555555555555555,0.0555555555555555,0.0
0.4698795180722891,0.0120481927710843,0.0120481927710843,-0.0120481927710843
0.5979381443298969,0.0824742268041237,0.0824742268041237,-0.0721649484536082
0.5825242718446602,0.2524271844660194,0.233009708737864,-0.029126213592233
0.8266666666666667,-0.04,-0.04,-0.0133333333333333
0.5742574257425742,0.0099009900990099,0.0099009900990099,-0.0396039603960396
1.0,0.2816901408450704,0.2535211267605634,0.0845070422535211
0.6885245901639344,-0.2295081967213114,-0.2295081967213114,0.0
0.8823529411764706,0.088235294117647,0.088235294117647,-0.0294117647058823
0.7666666666666667,0.2166666666666666,0.2166666666666666,-0.0166666666666666
0.7796610169491526,-0.4576271186440678,-0.4576271186440678,0.0169491525423728
0.5930232558139535,-0.0116279069767441,-0.0116279069767441,0.0116279069767441
0.74,0.09,0.09,-0.01
0.7865168539325843,-0.0112359550561797,0.0112359550561797,-0.0337078651685393
0.797752808988764,0.1011235955056179,0.1067415730337078,-0.1123595505617977
0.7857142857142857,0.0,0.0,0.0
0.5797101449275363,-0.1884057971014492,-0.1884057971014492,0.0434782608695652
0.8181818181818182,-0.0779220779220779,-0.0779220779220779,0.0
0.7029702970297029,-0.0495049504950495,-0.0495049504950495,0.0099009900990099
0.75,-0.0657894736842105,-0.0657894736842105,-0.0263157894736842
0.6507936507936508,-0.1746031746031746,-0.1746031746031746,0.0158730158730158
0.3555555555555555,-0.1,-0.1,0.0555555555555555
0.8181818181818182,0.0606060606060606,0.0606060606060606,0.0
0.6909090909090909,0.0,0.0,0.0
0.6825396825396826,0.0793650793650793,0.0793650793650793,-0.0317460317460317
0.7017543859649122,-0.0350877192982456,-0.0350877192982456,-0.0350877192982456
0.8269230769230769,0.1346153846153846,0.1346153846153846,0.0
0.875,0.0865384615384615,0.0865384615384615,0.0
0.7195121951219512,-0.3780487804878049,-0.3780487804878049,0.0365853658536585
0.5254237288135594,-0.2542372881355932,-0.2542372881355932,0.0
0.5272727272727272,-0.0363636363636363,-0.0363636363636363,-0.0181818181818181
0.2727272727272727,0.0,0.0,0.0
0.4827586206896552,0.0,0.0,0.0344827586206896
0.6040268456375839,-0.1140939597315436,-0.1140939597315436,-0.0067114093959731
0.5876288659793815,0.0103092783505154,0.0103092783505154,0.0103092783505154
0.3423423423423423,-0.009009009009009,-0.009009009009009,0.0
0.3795620437956204,-0.0364963503649635,-0.0364963503649635,-0.0364963503649635
0.3725490196078431,-0.0686274509803921,-0.0686274509803921,0.0441176470588235
0.381201044386423,-0.0287206266318537,-0.0287206266318537,0.02088772845953
0.4866666666666667,-0.02,-0.02,0.0111111111111111
0.4301470588235294,-0.0330882352941176,-0.0330882352941176,0.0238970588235294
0.6,-0.0099009900990099,-0.0099009900990099,0.0178217821782178
0.4468085106382978,-0.0165484633569739,-0.0165484633569739,0.0165484633569739
0.6707692307692308,0.0030816640986132,0.0030816640986132,0.0169230769230769
0.5031712473572939,-0.0380549682875264,-0.0295983086680761,0.0380549682875264
0.422976501305483,-0.0496083550913838,-0.052219321148825,0.0365535248041775
0.5313059033989267,-0.0375670840787119,-0.0286225402504472,-0.0035778175313059
0.5178571428571429,-0.0785714285714285,-0.0785714285714285,0.0357142857142857
0.4044117647058823,-0.1102941176470588,-0.1102941176470588,0.0955882352941176
0.5398230088495575,0.0353982300884955,0.0353982300884955,-0.0442477876106194
0.3157894736842105,-0.1368421052631579,-0.1368421052631579,-0.0526315789473684
0.2933333333333333,0.0,0.0,0.0
0.3076923076923077,-0.048076923076923,-0.048076923076923,-0.048076923076923
0.4265734265734265,-0.2307692307692307,-0.2587412587412587,0.0349650349650349
0.1739130434782608,-0.072463768115942,-0.072463768115942,0.0144927536231884
0.42,-0.08,-0.08,0.0
0.5512820512820513,-0.0705128205128205,-0.0705128205128205,0.0256410256410256
0.3020833333333333,-0.2395833333333333,-0.2395833333333333,0.0
0.3552631578947368,0.0526315789473684,0.0526315789473684,0.0
0.5618556701030928,-0.3402061855670103,-0.3402061855670103,0.0463917525773195
0.5858585858585859,-0.2676767676767677,-0.2626262626262626,0.0
0.5529411764705883,-0.2,-0.2176470588235294,-0.0176470588235294
0.5911949685534591,-0.320754716981132,-0.3270440251572327,0.0126582278481012
0.0769230769230769,-0.1346153846153846,-0.1346153846153846,0.0673076923076923
0.3793103448275862,-0.0551724137931034,-0.0551724137931034,-0.0206896551724137
0.3153153153153153,-0.063063063063063,-0.063063063063063,0.036036036036036
0.2551724137931034,-0.0413793103448275,-0.0413793103448275,0.0137931034482758
0.5853658536585366,0.2682926829268293,0.2682926829268293,-0.073170731707317
0.4318181818181818,-0.2613636363636363,-0.2613636363636363,0.0454545454545454
0.4181818181818181,-0.1454545454545454,-0.1454545454545454,0.0277777777777777
0.4459459459459459,-0.1891891891891892,-0.1891891891891892,0.0135135135135135
0.4680851063829787,-0.0744680851063829,-0.0744680851063829,0.0
0.1587982832618025,-0.1416309012875536,-0.1416309012875536,0.1072961373390558
0.3170731707317073,-0.1219512195121951,-0.1219512195121951,0.008130081300813
0.4044117647058823,-0.2205882352941176,-0.2205882352941176,0.0294117647058823
0.3484848484848485,-0.0505050505050505,-0.0505050505050505,0.005050505050505
0.4144144144144144,-0.2162162162162162,-0.2162162162162162,0.0585585585585585
0.3657142857142857,-0.2057142857142857,-0.1942857142857142,0.0689655172413793
0.6979591836734694,-0.2938775510204082,-0.2938775510204082,0.0938775510204081
0.6766169154228856,-0.1890547263681592,-0.1890547263681592,0.0099502487562189
0.4888059701492537,-0.1044776119402985,-0.1007462686567164,0.044776119402985
0.5032258064516129,-0.1290322580645161,-0.1129032258064516,0.0096774193548387
0.519298245614035,-0.1859649122807017,-0.1789473684210526,0.0807017543859649
0.6892655367231638,0.0056497175141242,0.0169491525423728,0.0451977401129943
0.5078369905956113,-0.0470219435736677,-0.0344827586206896,0.012539184952978
0.5920398009950248,-0.2139303482587064,-0.208955223880597,0.0149253731343283
0.5621621621621622,-0.1837837837837838,-0.2,0.0380434782608695
0.4967741935483871,-0.1354838709677419,-0.1677419354838709,0.0387096774193548
0.4952380952380952,-0.1666666666666666,-0.1666666666666666,0.0048780487804878
0.6063348416289592,-0.167420814479638,-0.167420814479638,0.0633484162895927
0.5782312925170068,-0.2244897959183673,-0.2244897959183673,0.0136054421768707
0.7754010695187166,-0.2834224598930481,-0.2834224598930481,0.0106951871657754
0.6666666666666666,-0.2539682539682539,-0.2698412698412698,0.0319148936170212
0.625,-0.2375,-0.2375,0.0125
0.4827586206896552,0.0086206896551724,0.0086206896551724,0.0172413793103448
0.4925373134328358,-0.0298507462686567,-0.0298507462686567,-0.0149253731343283
0.4044117647058823,-0.0294117647058823,-0.0220588235294117,0.0073529411764705
0.7034482758620689,-0.2551724137931034,-0.2758620689655172,0.0620689655172413
0.5971223021582733,-0.0071942446043165,-0.0071942446043165,0.0
0.45,-0.16,-0.16,0.04
0.4928571428571429,-0.0357142857142857,-0.0071428571428571,0.0071428571428571
0.5,-0.0517241379310344,-0.0517241379310344,-0.0086206896551724
0.6331360946745562,-0.272189349112426,-0.272189349112426,0.1005917159763313
0.44375,-0.10625,-0.10625,0.03125
0.4285714285714285,-0.2142857142857142,-0.2142857142857142,0.0
0.4457831325301205,-0.0783132530120482,-0.072289156626506,0.0
0.3565217391304348,-0.1739130434782608,-0.1739130434782608,0.0956521739130434
0.2980132450331126,-0.0264900662251655,-0.0264900662251655,0.0
0.2129032258064516,-0.0580645161290322,-0.0580645161290322,0.0064516129032258
0.4621212121212121,0.0681818181818181,0.0681818181818181,-0.0378787878787878
0.2884615384615384,-0.0576923076923076,-0.0576923076923076,0.0
0.4840425531914893,-0.0585106382978723,-0.0638297872340425,0.0106382978723404
0.3566433566433566,0.0209790209790209,0.0209790209790209,-0.0139860139860139
0.2366412213740458,0.0,0.0,0.0
0.4015748031496063,0.0078740157480314,0.0078740157480314,0.0
0.3541666666666667,-0.0208333333333333,-0.1041666666666666,0.0104166666666666
0.273972602739726,-0.0547945205479452,-0.0547945205479452,0.0068493150684931
0.3941605839416058,-0.0072992700729927,-0.0072992700729927,-0.0072992700729927
0.4317180616740088,-0.1674008810572687,-0.1674008810572687,-0.0308370044052863
0.3917525773195876,-0.0618556701030927,-0.0618556701030927,0.0206185567010309
0.5208333333333334,-0.0833333333333333,-0.0833333333333333,0.0416666666666666
0.3097826086956521,-0.0543478260869565,-0.0597826086956521,0.0054347826086956
0.4420289855072464,0.0217391304347826,0.0507246376811594,-0.0144927536231884
0.2738853503184713,-0.0509554140127388,-0.0509554140127388,0.0
0.4586466165413533,-0.1428571428571428,-0.1428571428571428,0.0526315789473684
0.3728813559322034,-0.0169491525423728,-0.0169491525423728,0.0084745762711864
0.3896103896103896,-0.1168831168831168,-0.1168831168831168,0.0129870129870129
0.435754189944134,0.0223463687150838,0.0223463687150838,0.0
0.4787878787878787,-0.0181818181818181,-0.0242424242424242,-0.0181818181818181
0.3294117647058823,-0.1352941176470588,-0.1294117647058823,0.0294117647058823
0.4198473282442748,0.0381679389312977,0.0305343511450381,0.0
0.5862068965517241,-0.1034482758620689,-0.1034482758620689,0.0
0.4153846153846154,0.0153846153846153,0.0153846153846153,0.0153846153846153
0.3533834586466165,0.0225563909774436,0.0225563909774436,0.0
0.3853211009174312,-0.0275229357798165,-0.0275229357798165,0.0091743119266055
0.2913385826771653,0.0,0.0,-0.0157480314960629
0.4035087719298245,-0.1228070175438596,-0.1228070175438596,0.0
0.3720930232558139,-0.0232558139534883,-0.0232558139534883,0.005813953488372
0.4390243902439024,0.1036585365853658,0.1158536585365853,0.0121951219512195
0.5511811023622047,-0.0787401574803149,-0.0787401574803149,-0.0236220472440944
0.5915492957746479,0.0704225352112676,0.0704225352112676,-0.0985915492957746
0.419753086419753,0.0617283950617283,0.0617283950617283,-0.0864197530864197
0.3333333333333333,-0.0666666666666666,-0.0666666666666666,0.0
0.4909090909090909,0.0909090909090909,0.0909090909090909,-0.0181818181818181
0.7337278106508875,-0.1420118343195266,-0.1420118343195266,-0.0177514792899408
0.6136363636363636,0.2045454545454545,0.2045454545454545,-0.0113636363636363
0.43,-0.12,-0.12,0.01
0.3644067796610169,-0.1186440677966101,-0.1186440677966101,0.0084745762711864
0.7289719626168224,-0.0467289719626168,-0.0467289719626168,-0.0747663551401869
0.6554621848739496,-0.1512605042016806,-0.1512605042016806,-0.0085470085470085
0.514018691588785,0.0,0.0,-0.0093457943925233
0.4795918367346938,-0.1224489795918367,-0.1224489795918367,-0.0408163265306122
0.6721311475409836,-0.0245901639344262,0.0081967213114754,0.0172413793103448
0.4,0.0,0.0,-0.025
0.9444444444444444,-0.1944444444444444,-0.1944444444444444,-0.0555555555555555
1.0555555555555556,0.1481481481481481,0.1481481481481481,-0.074074074074074
0.9514563106796116,-0.029126213592233,0.0485436893203883,0.0
0.7619047619047619,0.0,0.0,0.0
0.935064935064935,-0.3246753246753247,-0.3246753246753247,-0.0909090909090909
0.9523809523809524,-0.4761904761904761,-0.4761904761904761,0.0
0.9545454545454546,-0.1818181818181818,-0.1818181818181818,-0.0909090909090909
0.8181818181818182,0.0454545454545454,0.0454545454545454,-0.1818181818181818
0.654320987654321,0.0493827160493827,0.0493827160493827,0.0
0.4948453608247423,-0.0515463917525773,-0.0515463917525773,-0.0412371134020618
0.7959183673469388,0.2244897959183673,0.2244897959183673,-0.0408163265306122
0.1630434782608695,0.0217391304347826,0.0217391304347826,0.0163043478260869
0.8161764705882353,-0.3088235294117647,-0.3088235294117647,-0.1029411764705882
0.5,-0.1666666666666666,-0.1666666666666666,-0.074074074074074
0.7565217391304347,-0.217391304347826,-0.2260869565217391,0.1043478260869565
0.813953488372093,-0.1511627906976744,-0.1511627906976744,-0.0116279069767441
1.08,-0.0933333333333333,-0.0933333333333333,-0.1733333333333333
1.0,0.2222222222222222,0.2222222222222222,0.0
1.0,-1.1428571428571428,-1.1428571428571428,0.0
0.9285714285714286,0.3214285714285714,0.3928571428571428,-0.2115384615384615
1.2264150943396226,0.5283018867924528,0.5283018867924528,-0.3396226415094339
0.5882352941176471,0.2605042016806723,0.2605042016806723,-0.1596638655462184
0.8972972972972973,0.0054054054054054,0.0054054054054054,-0.081081081081081
1.0285714285714285,0.2928571428571428,0.2928571428571428,-0.3071428571428571
1.0975609756097562,0.4390243902439024,0.4390243902439024,-0.2926829268292683
0.6630434782608695,-0.1739130434782608,-0.1739130434782608,-0.1956521739130435
0.6051502145922747,0.0515021459227467,0.0515021459227467,-0.03862660944206
0.6273764258555133,0.0874524714828897,0.0874524714828897,-0.0646387832699619
0.6906474820143885,0.0503597122302158,0.0503597122302158,-0.0575539568345323
0.8333333333333334,0.1071428571428571,0.1071428571428571,-0.1666666666666666
0.9078947368421052,0.0263157894736842,0.0263157894736842,-0.2105263157894736
0.7818181818181819,-0.0727272727272727,-0.0727272727272727,-0.0181818181818181
0.9431818181818182,0.1590909090909091,0.1590909090909091,-0.0454545454545454
0.98989898989899,0.303030303030303,0.3232323232323232,-0.2424242424242424
0.80078125,0.30859375,0.32421875,-0.25390625
0.8194444444444444,0.2569444444444444,0.2569444444444444,-0.1805555555555555
0.8095238095238095,0.3854875283446712,0.3877551020408163,-0.2448979591836734
0.7931034482758621,0.1379310344827586,0.1379310344827586,-0.0306513409961685
0.8333333333333334,0.0833333333333333,0.0833333333333333,0.0
0.9428571428571428,0.0761904761904762,0.0761904761904762,-0.0761904761904762
0.9696969696969696,0.1515151515151515,0.1515151515151515,-0.0923076923076923
1.2705882352941176,0.611764705882353,0.611764705882353,-0.6235294117647059
0.9280205655526992,0.3084832904884318,0.3084832904884318,-0.1979434447300771
0.6728971962616822,0.0186915887850467,0.0186915887850467,-0.1214953271028037
0.7228915662650602,0.0040160642570281,0.0040160642570281,0.0602409638554216
0.495049504950495,0.0643564356435643,0.0643564356435643,-0.044776119402985
0.7222222222222222,0.1161616161616161,0.1161616161616161,-0.1414141414141414
0.6428571428571429,0.0238095238095238,0.0238095238095238,-0.0357142857142857
0.8201438848920863,0.2062350119904076,0.1726618705035971,-0.1462829736211031
0.8097165991902834,0.1578947368421052,0.1578947368421052,-0.1428571428571428
0.6428571428571429,0.119047619047619,0.119047619047619,-0.25
0.9117647058823528,-0.3235294117647059,-0.3235294117647059,0.088235294117647
1.1375,0.2375,0.2375,-0.1875
0.9361702127659576,0.0638297872340425,0.0638297872340425,-0.1276595744680851
1.1764705882352942,0.3725490196078431,0.4313725490196078,-0.3137254901960784
1.016260162601626,0.3495934959349593,0.3495934959349593,-0.1300813008130081
1.0852017937219731,0.3139013452914798,0.2780269058295964,-0.1590909090909091
1.0661157024793388,-0.0909090909090909,-0.0743801652892562,-0.1333333333333333
0.9741379310344828,0.1120689655172413,0.1120689655172413,-0.146551724137931
1.0970149253731345,-0.2611940298507462,-0.2611940298507462,-0.1791044776119403
0.8732782369146006,0.2203856749311294,0.209366391184573,-0.1707988980716253
0.8657534246575342,0.336986301369863,0.336986301369863,-0.084931506849315
1.0883333333333334,0.6316666666666667,0.605,-0.3666666666666666
0.9425675675675677,0.0608108108108108,0.054054054054054,-0.2162162162162162
0.7913322632423756,0.1091492776886035,0.1091492776886035,-0.0914927768860353
0.8566775244299675,0.0716612377850162,0.0716612377850162,-0.0423452768729641
0.7014652014652014,0.2032967032967033,0.2032967032967033,-0.2289377289377289
0.7645569620253164,0.1569620253164557,0.1569620253164557,-0.1594936708860759
0.9216417910447762,0.0572139303482587,0.0572139303482587,0.0385572139303482
0.7119341563786008,0.3251028806584362,0.3251028806584362,-0.0864197530864197
0.4962406015037593,-0.1240601503759398,-0.1240601503759398,0.056390977443609
0.8681948424068768,0.1977077363896848,0.2578796561604584,-0.1820809248554913
0.924198250728863,0.3002915451895043,0.3002915451895043,-0.1545189504373177
0.7620481927710844,0.1325301204819277,0.1325301204819277,-0.2138554216867469
0.4893111638954869,-0.1282660332541567,-0.1282660332541567,0.0380047505938242
0.7008,-0.0032,-0.0032,-0.1408
0.8754716981132076,0.4886792452830188,0.4886792452830188,-0.2622641509433962
0.7395626242544732,0.3499005964214712,0.3499005964214712,-0.1272365805168986
1.0229885057471264,0.4666666666666667,0.4666666666666667,-0.3241379310344827
0.925925925925926,0.0123456790123456,0.0123456790123456,-0.1358024691358024
0.7862796833773087,0.1094986807387862,0.1094986807387862,-0.0395778364116095
0.7451162790697674,-0.1246511627906976,-0.1302325581395348,-0.0297674418604651
0.9703389830508474,-0.2669491525423729,-0.2669491525423729,-0.0683760683760683
0.6262626262626263,-0.3535353535353535,-0.3535353535353535,0.0
0.9583333333333334,0.4583333333333333,0.4583333333333333,-0.1875
0.9247311827956988,-0.1075268817204301,0.021505376344086,-0.086021505376344
0.7777777777777778,0.1555555555555555,0.1555555555555555,-0.0666666666666666
0.9310344827586208,0.0,0.0,-0.3793103448275862
1.0796812749003983,0.1235059760956175,0.1235059760956175,-0.1314741035856573
0.8666666666666667,0.2666666666666666,0.2666666666666666,-0.1555555555555555
0.8837209302325582,0.0,0.0,-0.0697674418604651
1.0,0.4333333333333333,0.4333333333333333,-0.0666666666666666
0.896551724137931,0.2068965517241379,0.2068965517241379,-0.0689655172413793
0.7878787878787878,-0.0303030303030303,-0.0303030303030303,0.0
0.96,-0.05,-0.05,-0.21
0.71875,0.25,0.25,0.0625
0.8692307692307693,0.0461538461538461,0.0461538461538461,-0.0538461538461538
0.3265306122448979,-0.4081632653061224,-0.4081632653061224,0.173469387755102
0.8333333333333334,-0.4523809523809524,-0.4523809523809524,0.0238095238095238
0.7866666666666666,0.0266666666666666,0.0266666666666666,0.0
0.9506172839506172,0.0987654320987654,0.0987654320987654,-0.1049382716049382
1.1794871794871795,0.6923076923076923,0.6923076923076923,-0.6153846153846154
0.883495145631068,0.3203883495145631,0.3203883495145631,-0.3106796116504854
0.7213114754098361,0.1311475409836065,0.1311475409836065,-0.0655737704918032
0.8333333333333334,-0.0185185185185185,-0.0185185185185185,-0.0185185185185185
0.7647058823529411,-0.4705882352941176,-0.4705882352941176,-0.0588235294117647
1.0526315789473684,0.131578947368421,0.131578947368421,-0.2105263157894736
0.9876543209876544,0.4567901234567901,0.4567901234567901,-0.1481481481481481
1.0454545454545454,0.4659090909090909,0.4659090909090909,-0.2727272727272727
1.1063829787234043,-0.0212765957446808,-0.0212765957446808,-0.1627906976744186
0.9135802469135802,-0.419753086419753,-0.419753086419753,-0.0123456790123456
0.5,-0.3846153846153846,-0.3846153846153846,0.0384615384615384
0.9866666666666668,0.5333333333333333,0.5333333333333333,-0.2133333333333333
1.5263157894736843,0.5789473684210527,0.5789473684210527,0.0526315789473684
0.628099173553719,0.0413223140495867,0.0413223140495867,-0.0413223140495867
0.75,-0.2916666666666667,-0.2916666666666667,0.0416666666666666
0.4347826086956521,-0.2826086956521739,-0.2826086956521739,0.1739130434782608
0.4166666666666667,-0.3333333333333333,-0.3333333333333333,0.3833333333333333
0.6304347826086957,-0.2826086956521739,-0.2826086956521739,0.0652173913043478
0.8133333333333334,-0.0933333333333333,-0.0933333333333333,0.1333333333333333
0.75,-0.2651515151515151,-0.2651515151515151,0.0606060606060606
0.5714285714285714,-0.1428571428571428,-0.1428571428571428,0.0
0.8615384615384616,-0.5846153846153846,-0.5846153846153846,-0.0307692307692307
1.0,0.0689655172413793,0.0689655172413793,-0.3103448275862069
0.7931034482758621,-0.2068965517241379,-0.2068965517241379,0.0
0.925925925925926,0.4814814814814814,0.4814814814814814,-0.2222222222222222
1.181818181818182,0.2272727272727272,0.2272727272727272,-0.2727272727272727
0.8378378378378378,-0.0675675675675675,-0.0675675675675675,0.0
0.7192982456140351,0.0175438596491228,0.0175438596491228,0.0175438596491228
0.5116279069767442,0.0465116279069767,0.0465116279069767,0.0930232558139534
0.9032258064516128,-0.3870967741935484,-0.3870967741935484,-0.064516129032258
0.7702702702702703,-0.4324324324324324,-0.4324324324324324,-0.0405405405405405
0.8409090909090909,-0.1818181818181818,-0.1818181818181818,-0.125
0.7142857142857143,-0.0408163265306122,-0.0408163265306122,0.010204081632653
0.6929133858267716,-0.3622047244094488,-0.3622047244094488,0.0393700787401574
0.6111111111111112,-0.3333333333333333,-0.3333333333333333,-0.0555555555555555
0.7586206896551724,-0.3218390804597701,-0.3333333333333333,-0.0229885057471264
0.8395061728395061,-0.2469135802469135,-0.2469135802469135,-0.0864197530864197
0.5641025641025641,-0.2307692307692307,-0.2307692307692307,-0.0769230769230769
1.3846153846153846,0.7692307692307693,0.7692307692307693,-0.027027027027027
0.7934782608695652,-0.2934782608695652,-0.2934782608695652,0.0434782608695652
0.7230769230769231,0.2153846153846154,0.2153846153846154,-0.1384615384615384
0.54,-0.26,-0.26,0.0
0.9375,-0.3125,-0.3125,-0.0625
0.8181818181818182,-0.1363636363636363,-0.1363636363636363,0.0227272727272727
0.48,-0.2,-0.2,0.12
0.9444444444444444,-0.3703703703703703,-0.3703703703703703,0.0185185185185185
0.5833333333333334,0.0,0.0,-0.0833333333333333
0.8235294117647058,-0.1176470588235294,-0.1176470588235294,0.0588235294117647
0.7142857142857143,-0.0476190476190476,-0.0476190476190476,0.0476190476190476
-0.1,-0.5666666666666667,-0.5666666666666667,0.5333333333333333
0.734375,-0.328125,-0.328125,0.046875
0.4230769230769231,-0.3076923076923077,-0.3076923076923077,0.0769230769230769
0.6936416184971098,-0.4450867052023121,-0.4450867052023121,0.0924855491329479
0.8541666666666666,-0.4895833333333333,-0.4375,-0.03125
0.6333333333333333,-0.1333333333333333,-0.1333333333333333,0.0
0.6666666666666666,-0.5119047619047619,-0.5119047619047619,0.0595238095238095
0.8333333333333334,0.3571428571428571,0.3571428571428571,-0.0238095238095238
0.8505747126436781,0.0459770114942528,0.0459770114942528,0.0114942528735632
0.1886792452830188,-0.5849056603773585,-0.5849056603773585,0.2075471698113207
0.8166666666666667,-0.0888888888888888,-0.1055555555555555,-0.0055555555555555
0.6033057851239669,-0.3064516129032258,-0.3064516129032258,-0.0403225806451612
0.5377358490566038,0.0188679245283018,0.0188679245283018,-0.0283018867924528
0.4393939393939394,-0.2575757575757575,-0.2575757575757575,0.0454545454545454
0.9696969696969696,-0.0303030303030303,-0.0303030303030303,0.0
0.925925925925926,-0.1481481481481481,-0.1481481481481481,0.0384615384615384
0.7692307692307693,0.0,0.0,0.0
0.6666666666666666,-0.25,-0.25,0.0416666666666666
0.7169811320754716,-0.2452830188679245,-0.2452830188679245,0.0188679245283018
1.0555555555555556,-0.7777777777777778,-0.7777777777777778,-0.0833333333333333
0.4897959183673469,-0.0816326530612244,-0.0816326530612244,0.0
0.6923076923076923,-0.0769230769230769,-0.0769230769230769,-0.0192307692307692
0.8135593220338984,-0.1186440677966101,-0.1186440677966101,-0.0338983050847457
0.6767676767676768,0.0909090909090909,0.0909090909090909,0.0
0.5714285714285714,-0.1714285714285714,-0.1714285714285714,0.0
1.1153846153846154,-0.5,-0.5,0.0
0.8823529411764706,-0.0705882352941176,-0.0705882352941176,-0.0117647058823529
0.9696969696969696,0.0303030303030303,0.0303030303030303,0.0
0.6666666666666666,0.238095238095238,0.238095238095238,-0.1904761904761904
0.7253886010362695,0.0621761658031088,0.0621761658031088,-0.0518134715025906
0.9541284403669724,-0.1376146788990825,-0.1376146788990825,-0.0091743119266055
1.075,0.05,0.05,-0.282051282051282
1.0952380952380951,0.2142857142857142,0.2142857142857142,-0.119047619047619
1.0,0.0,0.0,0.0
