fold,search,run,best_optimizer,n_test,RMSE,MAE,R2,best_val_loss,best_params,epochs,DM_stat,DM_pvalue,run_id,is_ensemble
fold4_ens,,,,48.0,0.07050351117943046,0.05639228432687086,-0.24078584201500952,,,,2.527859704476018,0.011476019990570796,Ensemble,True
fold4_search10_ens,10.0,,,,0.07159997418605588,0.0562074875143325,-0.27967907550889426,0.0017364154336974,"{'optimizer': 'Adam', 'lookback': 13, 'units': 8, 'dropout': 0.1453215610747862, 'lr': 0.00044675642786693625, 'batch': 8}",,2.0035009472686487,0.04512354602226942,Ensemble,True
fold4_search10_run1,10.0,1.0,Adam,48.0,0.1034863144159317,0.0838860273361206,-1.6732601494926578,0.0017364154336974,"{'optimizer': 'Adam', 'lookback': 13, 'units': 8, 'dropout': 0.1453215610747862, 'lr': 0.00044675642786693625, 'batch': 8}",67.0,3.5951657918446065,0.00032418505909315165,,
fold4_search10_run10,10.0,10.0,Adam,48.0,0.086843691766262,0.0706075057387352,-0.8825732484846385,0.0017364154336974,"{'optimizer': 'Adam', 'lookback': 13, 'units': 8, 'dropout': 0.1453215610747862, 'lr': 0.00044675642786693625, 'batch': 8}",67.0,3.0797714391321303,0.0020715950422638407,,
fold4_search10_run2,10.0,2.0,Adam,48.0,0.0761255845427513,0.0610909052193164,-0.4465604192108066,0.0017364154336974,"{'optimizer': 'Adam', 'lookback': 13, 'units': 8, 'dropout': 0.1453215610747862, 'lr': 0.00044675642786693625, 'batch': 8}",67.0,2.656502337868007,0.007895590348734105,,
fold4_search10_run3,10.0,3.0,Adam,48.0,0.0814766809344291,0.0652095451951026,-0.6570742646344534,0.0017364154336974,"{'optimizer': 'Adam', 'lookback': 13, 'units': 8, 'dropout': 0.1453215610747862, 'lr': 0.00044675642786693625, 'batch': 8}",67.0,3.1780098332648055,0.001482897214903467,,
fold4_search10_run4,10.0,4.0,Adam,48.0,0.0791685879230499,0.0651404336094856,-0.5645202363608954,0.0017364154336974,"{'optimizer': 'Adam', 'lookback': 13, 'units': 8, 'dropout': 0.1453215610747862, 'lr': 0.00044675642786693625, 'batch': 8}",67.0,1.7884650297046285,0.07370101277198837,,
fold4_search10_run5,10.0,5.0,Adam,48.0,0.0794041603803634,0.0639612302184104,-0.5738447204140444,0.0017364154336974,"{'optimizer': 'Adam', 'lookback': 13, 'units': 8, 'dropout': 0.1453215610747862, 'lr': 0.00044675642786693625, 'batch': 8}",67.0,2.0977682795112345,0.03592561989992471,,
fold4_search10_run6,10.0,6.0,Adam,48.0,0.0911705121397972,0.0747853964567184,-1.0748377820765125,0.0017364154336974,"{'optimizer': 'Adam', 'lookback': 13, 'units': 8, 'dropout': 0.1453215610747862, 'lr': 0.00044675642786693625, 'batch': 8}",67.0,3.6197513210508743,0.00029488627908902387,,
fold4_search10_run7,10.0,7.0,Adam,48.0,0.0955818369984626,0.0737360790371894,-1.280479250861346,0.0017364154336974,"{'optimizer': 'Adam', 'lookback': 13, 'units': 8, 'dropout': 0.1453215610747862, 'lr': 0.00044675642786693625, 'batch': 8}",67.0,2.7558161354218296,0.005854589717954717,,
fold4_search10_run8,10.0,8.0,Adam,48.0,0.1127925366163253,0.0865467190742492,-2.175675061623342,0.0017364154336974,"{'optimizer': 'Adam', 'lookback': 13, 'units': 8, 'dropout': 0.1453215610747862, 'lr': 0.00044675642786693625, 'batch': 8}",67.0,3.3960947673724697,0.0006835468894710317,,
fold4_search10_run9,10.0,9.0,Adam,48.0,0.0862098336219787,0.0687702447175979,-0.855192443399539,0.0017364154336974,"{'optimizer': 'Adam', 'lookback': 13, 'units': 8, 'dropout': 0.1453215610747862, 'lr': 0.00044675642786693625, 'batch': 8}",67.0,2.800396667563622,0.005103984541223294,,
fold4_search11_ens,11.0,,,,0.06685319528744055,0.053379593947765556,-0.1156286948713432,0.0017897377256304,"{'optimizer': 'RMSprop', 'lookback': 13, 'units': 8, 'dropout': 0.40900569093007055, 'lr': 0.0005172728462455293, 'batch': 8}",,2.2856787088250345,0.022273061733229627,Ensemble,True
fold4_search11_run1,11.0,1.0,RMSprop,48.0,0.0678012818098068,0.0525459200143814,-0.1474959123586665,0.0017897377256304,"{'optimizer': 'RMSprop', 'lookback': 13, 'units': 8, 'dropout': 0.40900569093007055, 'lr': 0.0005172728462455293, 'batch': 8}",38.0,1.3489195155877194,0.17736281907320905,,
fold4_search11_run10,11.0,10.0,RMSprop,48.0,0.0694749802350997,0.0548416972160339,-0.204847658964077,0.0017897377256304,"{'optimizer': 'RMSprop', 'lookback': 13, 'units': 8, 'dropout': 0.40900569093007055, 'lr': 0.0005172728462455293, 'batch': 8}",38.0,1.985258423851025,0.04711572716250645,,
fold4_search11_run2,11.0,2.0,RMSprop,48.0,0.0836437717080116,0.0645265504717826,-0.7463951326908862,0.0017897377256304,"{'optimizer': 'RMSprop', 'lookback': 13, 'units': 8, 'dropout': 0.40900569093007055, 'lr': 0.0005172728462455293, 'batch': 8}",38.0,2.6517337838768147,0.00800796534111936,,
fold4_search11_run3,11.0,3.0,RMSprop,48.0,0.0640378817915916,0.0504455082118511,-0.0236447839503952,0.0017897377256304,"{'optimizer': 'RMSprop', 'lookback': 13, 'units': 8, 'dropout': 0.40900569093007055, 'lr': 0.0005172728462455293, 'batch': 8}",38.0,0.3874284083894585,0.6984390759363397,,
fold4_search11_run4,11.0,4.0,RMSprop,48.0,0.0756239965558052,0.061584323644638,-0.4275608661044721,0.0017897377256304,"{'optimizer': 'RMSprop', 'lookback': 13, 'units': 8, 'dropout': 0.40900569093007055, 'lr': 0.0005172728462455293, 'batch': 8}",38.0,2.3540662241307366,0.01856930251046718,,
fold4_search11_run5,11.0,5.0,RMSprop,48.0,0.0689765661954879,0.0538119785487651,-0.1876227381757627,0.0017897377256304,"{'optimizer': 'RMSprop', 'lookback': 13, 'units': 8, 'dropout': 0.40900569093007055, 'lr': 0.0005172728462455293, 'batch': 8}",38.0,1.8594963261854611,0.06295681951599419,,
fold4_search11_run6,11.0,6.0,RMSprop,48.0,0.0664062425494194,0.0537868998944759,-0.1007611745416114,0.0017897377256304,"{'optimizer': 'RMSprop', 'lookback': 13, 'units': 8, 'dropout': 0.40900569093007055, 'lr': 0.0005172728462455293, 'batch': 8}",38.0,1.3186985999800702,0.18726989502252644,,
fold4_search11_run7,11.0,7.0,RMSprop,48.0,0.0781233608722686,0.0595973990857601,-0.5234815010249565,0.0017897377256304,"{'optimizer': 'RMSprop', 'lookback': 13, 'units': 8, 'dropout': 0.40900569093007055, 'lr': 0.0005172728462455293, 'batch': 8}",38.0,1.7145068542473776,0.0864356793323866,,
fold4_search11_run8,11.0,8.0,RMSprop,48.0,0.0718270540237426,0.0587244369089603,-0.2878090614231547,0.0017897377256304,"{'optimizer': 'RMSprop', 'lookback': 13, 'units': 8, 'dropout': 0.40900569093007055, 'lr': 0.0005172728462455293, 'batch': 8}",38.0,1.5805505840302567,0.1139808322810123,,
fold4_search11_run9,11.0,9.0,RMSprop,48.0,0.0857325494289398,0.0638739690184593,-0.8347075090860812,0.0017897377256304,"{'optimizer': 'RMSprop', 'lookback': 13, 'units': 8, 'dropout': 0.40900569093007055, 'lr': 0.0005172728462455293, 'batch': 8}",38.0,2.6136742254453083,0.008957440075272771,,
fold4_search12_ens,12.0,,,,0.06979715265573828,0.0561562004139727,-0.21604808876123682,0.0017067362787202,"{'optimizer': 'RMSprop', 'lookback': 13, 'units': 16, 'dropout': 0.3884027230409628, 'lr': 0.0005688471905372607, 'batch': 16}",,2.6670348606103076,0.007652373387728284,Ensemble,True
fold4_search12_run1,12.0,1.0,RMSprop,48.0,0.0716795623302459,0.0591518990695476,-0.2825256984309354,0.0017067362787202,"{'optimizer': 'RMSprop', 'lookback': 13, 'units': 16, 'dropout': 0.3884027230409628, 'lr': 0.0005688471905372607, 'batch': 16}",66.0,3.2246908863793022,0.001261087529868421,,
fold4_search12_run10,12.0,10.0,RMSprop,48.0,0.0726354420185089,0.0577542819082737,-0.3169599417266888,0.0017067362787202,"{'optimizer': 'RMSprop', 'lookback': 13, 'units': 16, 'dropout': 0.3884027230409628, 'lr': 0.0005688471905372607, 'batch': 16}",66.0,2.716923085939477,0.0065891918250848835,,
fold4_search12_run2,12.0,2.0,RMSprop,48.0,0.0721484795212745,0.0563860423862934,-0.2993605147938172,0.0017067362787202,"{'optimizer': 'RMSprop', 'lookback': 13, 'units': 16, 'dropout': 0.3884027230409628, 'lr': 0.0005688471905372607, 'batch': 16}",66.0,2.7964057020609827,0.005167448809706654,,
fold4_search12_run3,12.0,3.0,RMSprop,48.0,0.0708574503660202,0.0545490868389606,-0.253274967276142,0.0017067362787202,"{'optimizer': 'RMSprop', 'lookback': 13, 'units': 16, 'dropout': 0.3884027230409628, 'lr': 0.0005688471905372607, 'batch': 16}",66.0,1.8352384980224992,0.06647035924905875,,
fold4_search12_run4,12.0,4.0,RMSprop,48.0,0.0714381113648414,0.0556239672005176,-0.2738999088293758,0.0017067362787202,"{'optimizer': 'RMSprop', 'lookback': 13, 'units': 16, 'dropout': 0.3884027230409628, 'lr': 0.0005688471905372607, 'batch': 16}",66.0,2.3224009257615266,0.02021135756106829,,
fold4_search12_run5,12.0,5.0,RMSprop,48.0,0.0683601647615432,0.0545825697481632,-0.1664914280161971,0.0017067362787202,"{'optimizer': 'RMSprop', 'lookback': 13, 'units': 16, 'dropout': 0.3884027230409628, 'lr': 0.0005688471905372607, 'batch': 16}",66.0,1.6492407410494367,0.09909832448419431,,
fold4_search12_run6,12.0,6.0,RMSprop,48.0,0.0826265588402748,0.0684400722384452,-0.7041768911878616,0.0017067362787202,"{'optimizer': 'RMSprop', 'lookback': 13, 'units': 16, 'dropout': 0.3884027230409628, 'lr': 0.0005688471905372607, 'batch': 16}",66.0,3.821236234827197,0.00013278438121133718,,
fold4_search12_run7,12.0,7.0,RMSprop,48.0,0.0753578394651413,0.0590000636875629,-0.4175298473834123,0.0017067362787202,"{'optimizer': 'RMSprop', 'lookback': 13, 'units': 16, 'dropout': 0.3884027230409628, 'lr': 0.0005688471905372607, 'batch': 16}",66.0,2.7968103417149974,0.005160981906159545,,
fold4_search12_run8,12.0,8.0,RMSprop,48.0,0.0771799981594085,0.0619979612529277,-0.4869106765660711,0.0017067362787202,"{'optimizer': 'RMSprop', 'lookback': 13, 'units': 16, 'dropout': 0.3884027230409628, 'lr': 0.0005688471905372607, 'batch': 16}",66.0,2.6570589901714734,0.007882564864144959,,
fold4_search12_run9,12.0,9.0,RMSprop,48.0,0.0705789923667907,0.0549853257834911,-0.2434440490292901,0.0017067362787202,"{'optimizer': 'RMSprop', 'lookback': 13, 'units': 16, 'dropout': 0.3884027230409628, 'lr': 0.0005688471905372607, 'batch': 16}",66.0,1.6828967171966636,0.09239508721752743,,
fold4_search13_ens,13.0,,,,0.06949262553836678,0.05550180671790391,-0.20545992729421458,0.0023657472338527,"{'optimizer': 'RMSprop', 'lookback': 13, 'units': 8, 'dropout': 0.40548907372857834, 'lr': 0.0009865400990015135, 'batch': 8}",,2.8331135692212177,0.004609700533882544,Ensemble,True
fold4_search13_run1,13.0,1.0,RMSprop,48.0,0.0731643959879875,0.0586334057152271,-0.3362105571600926,0.0023657472338527,"{'optimizer': 'RMSprop', 'lookback': 13, 'units': 8, 'dropout': 0.40548907372857834, 'lr': 0.0009865400990015135, 'batch': 8}",54.0,2.335045360742851,0.019541051210561378,,
fold4_search13_run10,13.0,10.0,RMSprop,48.0,0.0742218643426895,0.0592194907367229,-0.3751151984014356,0.0023657472338527,"{'optimizer': 'RMSprop', 'lookback': 13, 'units': 8, 'dropout': 0.40548907372857834, 'lr': 0.0009865400990015135, 'batch': 8}",54.0,2.6175958476400907,0.008855161549080393,,
fold4_search13_run2,13.0,2.0,RMSprop,48.0,0.0711962953209877,0.0567594282329082,-0.2652901906863651,0.0023657472338527,"{'optimizer': 'RMSprop', 'lookback': 13, 'units': 8, 'dropout': 0.40548907372857834, 'lr': 0.0009865400990015135, 'batch': 8}",54.0,3.243959073232249,0.0011788068258782314,,
fold4_search13_run3,13.0,3.0,RMSprop,48.0,0.0772643759846687,0.0619955360889434,-0.4901634918923345,0.0023657472338527,"{'optimizer': 'RMSprop', 'lookback': 13, 'units': 8, 'dropout': 0.40548907372857834, 'lr': 0.0009865400990015135, 'batch': 8}",54.0,2.6770347250300817,0.007427693633091481,,
fold4_search13_run4,13.0,4.0,RMSprop,48.0,0.0729468837380409,0.0580897070467472,-0.3282776442725932,0.0023657472338527,"{'optimizer': 'RMSprop', 'lookback': 13, 'units': 8, 'dropout': 0.40548907372857834, 'lr': 0.0009865400990015135, 'batch': 8}",54.0,2.7261584491272526,0.0064076230405114565,,
fold4_search13_run5,13.0,5.0,RMSprop,48.0,0.0704421922564506,0.058216243982315,-0.238628308260798,0.0023657472338527,"{'optimizer': 'RMSprop', 'lookback': 13, 'units': 8, 'dropout': 0.40548907372857834, 'lr': 0.0009865400990015135, 'batch': 8}",54.0,2.191959303162069,0.028382445345562557,,
fold4_search13_run6,13.0,6.0,RMSprop,48.0,0.0640310570597648,0.0492857210338115,-0.0234265123359789,0.0023657472338527,"{'optimizer': 'RMSprop', 'lookback': 13, 'units': 8, 'dropout': 0.40548907372857834, 'lr': 0.0009865400990015135, 'batch': 8}",54.0,0.3338808647994815,0.7384694597099566,,
fold4_search13_run7,13.0,7.0,RMSprop,48.0,0.0772621184587478,0.0619147270917892,-0.4900766996689187,0.0023657472338527,"{'optimizer': 'RMSprop', 'lookback': 13, 'units': 8, 'dropout': 0.40548907372857834, 'lr': 0.0009865400990015135, 'batch': 8}",54.0,3.327729938946182,0.0008755669943594224,,
fold4_search13_run8,13.0,8.0,RMSprop,48.0,0.0802866443991661,0.061461865901947,-0.609021906438306,0.0023657472338527,"{'optimizer': 'RMSprop', 'lookback': 13, 'units': 8, 'dropout': 0.40548907372857834, 'lr': 0.0009865400990015135, 'batch': 8}",54.0,2.9988083348492944,0.002710377522433971,,
fold4_search13_run9,13.0,9.0,RMSprop,48.0,0.079884298145771,0.0659248530864715,-0.5929354713359813,0.0023657472338527,"{'optimizer': 'RMSprop', 'lookback': 13, 'units': 8, 'dropout': 0.40548907372857834, 'lr': 0.0009865400990015135, 'batch': 8}",54.0,4.33271118944076,1.4728426649845971e-05,,
fold4_search14_ens,14.0,,,,0.0676809223200021,0.05416512279640965,-0.1434255018150532,0.0017598011763766,"{'optimizer': 'RMSprop', 'lookback': 13, 'units': 8, 'dropout': 0.4065819658572181, 'lr': 0.0008024872406076412, 'batch': 8}",,2.3399666043334544,0.019285464281584064,Ensemble,True
fold4_search14_run1,14.0,1.0,RMSprop,48.0,0.0705238208174705,0.0565895438194274,-0.2415007670047935,0.0017598011763766,"{'optimizer': 'RMSprop', 'lookback': 13, 'units': 8, 'dropout': 0.4065819658572181, 'lr': 0.0008024872406076412, 'batch': 8}",40.0,1.7556418921373085,0.07914957442806059,,
fold4_search14_run10,14.0,10.0,RMSprop,48.0,0.0846438556909561,0.0675196573138237,-0.7884064542754292,0.0017598011763766,"{'optimizer': 'RMSprop', 'lookback': 13, 'units': 8, 'dropout': 0.4065819658572181, 'lr': 0.0008024872406076412, 'batch': 8}",40.0,2.6610098556308284,0.007790667669570928,,
fold4_search14_run2,14.0,2.0,RMSprop,48.0,0.0792965963482856,0.0650280192494392,-0.5695834146654861,0.0017598011763766,"{'optimizer': 'RMSprop', 'lookback': 13, 'units': 8, 'dropout': 0.4065819658572181, 'lr': 0.0008024872406076412, 'batch': 8}",40.0,2.909272924193981,0.0036227045103978117,,
fold4_search14_run3,14.0,3.0,RMSprop,48.0,0.0728706642985344,0.0563520677387714,-0.3255032312591144,0.0017598011763766,"{'optimizer': 'RMSprop', 'lookback': 13, 'units': 8, 'dropout': 0.4065819658572181, 'lr': 0.0008024872406076412, 'batch': 8}",40.0,2.235571512370759,0.025379852393564883,,
fold4_search14_run4,14.0,4.0,RMSprop,48.0,0.0828252881765365,0.0660038962960243,-0.7123844416265652,0.0017598011763766,"{'optimizer': 'RMSprop', 'lookback': 13, 'units': 8, 'dropout': 0.4065819658572181, 'lr': 0.0008024872406076412, 'batch': 8}",40.0,2.9736112530104033,0.0029431769085197512,,
fold4_search14_run5,14.0,5.0,RMSprop,48.0,0.0668184831738472,0.0547368675470352,-0.1144705077261192,0.0017598011763766,"{'optimizer': 'RMSprop', 'lookback': 13, 'units': 8, 'dropout': 0.4065819658572181, 'lr': 0.0008024872406076412, 'batch': 8}",40.0,1.4725627532634231,0.14086897433941958,,
fold4_search14_run6,14.0,6.0,RMSprop,48.0,0.0729966610670089,0.0564259700477123,-0.3300907941508937,0.0017598011763766,"{'optimizer': 'RMSprop', 'lookback': 13, 'units': 8, 'dropout': 0.4065819658572181, 'lr': 0.0008024872406076412, 'batch': 8}",40.0,2.757576884956335,0.0058231517433520175,,
fold4_search14_run7,14.0,7.0,RMSprop,48.0,0.0702844634652137,0.0564765818417072,-0.23308792687562,0.0017598011763766,"{'optimizer': 'RMSprop', 'lookback': 13, 'units': 8, 'dropout': 0.4065819658572181, 'lr': 0.0008024872406076412, 'batch': 8}",40.0,2.8296246436426506,0.004660264328984143,,
fold4_search14_run8,14.0,8.0,RMSprop,48.0,0.0709573477506637,0.0580551326274871,-0.2568113946160861,0.0017598011763766,"{'optimizer': 'RMSprop', 'lookback': 13, 'units': 8, 'dropout': 0.4065819658572181, 'lr': 0.0008024872406076412, 'batch': 8}",40.0,2.4254034935789024,0.015291380733059246,,
fold4_search14_run9,14.0,9.0,RMSprop,48.0,0.0673773363232612,0.052218522876501,-0.1331907717071239,0.0017598011763766,"{'optimizer': 'RMSprop', 'lookback': 13, 'units': 8, 'dropout': 0.4065819658572181, 'lr': 0.0008024872406076412, 'batch': 8}",40.0,1.0572826743915185,0.2903825980084418,,
fold4_search15_ens,15.0,,,,0.07880988353351194,0.06441726956815531,-0.5503748283921202,0.0025613447651267,"{'optimizer': 'RMSprop', 'lookback': 13, 'units': 16, 'dropout': 0.43635840939112175, 'lr': 0.000998230194546939, 'batch': 8}",,2.8810844962252955,0.0039630938108230485,Ensemble,True
fold4_search15_run1,15.0,1.0,RMSprop,48.0,0.0894118398427963,0.0740233957767486,-0.9955629160793408,0.0025613447651267,"{'optimizer': 'RMSprop', 'lookback': 13, 'units': 16, 'dropout': 0.43635840939112175, 'lr': 0.000998230194546939, 'batch': 8}",55.0,3.744809768311208,0.00018053051151434296,,
fold4_search15_run10,15.0,10.0,RMSprop,48.0,0.09463682025671,0.0771808996796608,-1.2356079709998844,0.0025613447651267,"{'optimizer': 'RMSprop', 'lookback': 13, 'units': 16, 'dropout': 0.43635840939112175, 'lr': 0.000998230194546939, 'batch': 8}",55.0,3.6165757872914144,0.000298525941691441,,
fold4_search15_run2,15.0,2.0,RMSprop,48.0,0.0889350473880767,0.0706156715750694,-0.9743364709471528,0.0025613447651267,"{'optimizer': 'RMSprop', 'lookback': 13, 'units': 16, 'dropout': 0.43635840939112175, 'lr': 0.000998230194546939, 'batch': 8}",55.0,3.1239916946980726,0.0017841549269639323,,
fold4_search15_run3,15.0,3.0,RMSprop,48.0,0.0846964493393898,0.0669350996613502,-0.790629770446895,0.0025613447651267,"{'optimizer': 'RMSprop', 'lookback': 13, 'units': 16, 'dropout': 0.43635840939112175, 'lr': 0.000998230194546939, 'batch': 8}",55.0,3.315319443417985,0.0009153845415770245,,
fold4_search15_run4,15.0,4.0,RMSprop,48.0,0.0711210072040557,0.057290181517601,-0.2626155924199977,0.0025613447651267,"{'optimizer': 'RMSprop', 'lookback': 13, 'units': 16, 'dropout': 0.43635840939112175, 'lr': 0.000998230194546939, 'batch': 8}",55.0,1.5829495633151214,0.11343296066199882,,
fold4_search15_run5,15.0,5.0,RMSprop,48.0,0.0723921880125999,0.0571760945022106,-0.3081536132682272,0.0025613447651267,"{'optimizer': 'RMSprop', 'lookback': 13, 'units': 16, 'dropout': 0.43635840939112175, 'lr': 0.000998230194546939, 'batch': 8}",55.0,2.146802928380487,0.031808974115806965,,
fold4_search15_run6,15.0,6.0,RMSprop,48.0,0.102694995701313,0.0855863988399505,-1.6325332575071472,0.0025613447651267,"{'optimizer': 'RMSprop', 'lookback': 13, 'units': 16, 'dropout': 0.43635840939112175, 'lr': 0.000998230194546939, 'batch': 8}",55.0,3.971938022963806,7.129026969709962e-05,,
fold4_search15_run7,15.0,7.0,RMSprop,48.0,0.0732095837593078,0.0574933141469955,-0.3378618676048994,0.0025613447651267,"{'optimizer': 'RMSprop', 'lookback': 13, 'units': 16, 'dropout': 0.43635840939112175, 'lr': 0.000998230194546939, 'batch': 8}",55.0,3.2218703103124677,0.001273567678520493,,
fold4_search15_run8,15.0,8.0,RMSprop,48.0,0.100603312253952,0.0844864621758461,-1.5263871458332536,0.0025613447651267,"{'optimizer': 'RMSprop', 'lookback': 13, 'units': 16, 'dropout': 0.43635840939112175, 'lr': 0.000998230194546939, 'batch': 8}",55.0,3.945972437423622,7.947675658259712e-05,,
fold4_search15_run9,15.0,9.0,RMSprop,48.0,0.080100417137146,0.0626430585980415,-0.6015660941894123,0.0025613447651267,"{'optimizer': 'RMSprop', 'lookback': 13, 'units': 16, 'dropout': 0.43635840939112175, 'lr': 0.000998230194546939, 'batch': 8}",55.0,2.667110297297929,0.007650655897066594,,
fold4_search16_ens,16.0,,,,0.07059663329709592,0.05579590828005704,-0.10648253754462966,0.0025447141379117,"{'optimizer': 'Adam', 'lookback': 8, 'units': 16, 'dropout': 0.40047461722120314, 'lr': 0.0009412256209571432, 'batch': 8}",,1.4518758460184213,0.1465361297457135,Ensemble,True
fold4_search16_run1,16.0,1.0,Adam,53.0,0.0755214914679527,0.0596667565405368,-0.2662448764699361,0.0025447141379117,"{'optimizer': 'Adam', 'lookback': 8, 'units': 16, 'dropout': 0.40047461722120314, 'lr': 0.0009412256209571432, 'batch': 8}",48.0,1.4407442857965775,0.14965693860520246,,
fold4_search16_run10,16.0,10.0,Adam,53.0,0.0706457048654556,0.0589052140712738,-0.1080212356021672,0.0025447141379117,"{'optimizer': 'Adam', 'lookback': 8, 'units': 16, 'dropout': 0.40047461722120314, 'lr': 0.0009412256209571432, 'batch': 8}",48.0,1.3167691032408113,0.18791603231017717,,
fold4_search16_run2,16.0,2.0,Adam,53.0,0.0807453915476799,0.0651249438524246,-0.4474783012048697,0.0025447141379117,"{'optimizer': 'Adam', 'lookback': 8, 'units': 16, 'dropout': 0.40047461722120314, 'lr': 0.0009412256209571432, 'batch': 8}",48.0,2.969038794419039,0.002987328792271926,,
fold4_search16_run3,16.0,3.0,Adam,53.0,0.0690569132566452,0.0550720691680908,-0.0587439377289258,0.0025447141379117,"{'optimizer': 'Adam', 'lookback': 8, 'units': 16, 'dropout': 0.40047461722120314, 'lr': 0.0009412256209571432, 'batch': 8}",48.0,1.0739449133135388,0.2828473717970461,,
fold4_search16_run4,16.0,4.0,Adam,53.0,0.075201041996479,0.0581457391381263,-0.255521965591766,0.0025447141379117,"{'optimizer': 'Adam', 'lookback': 8, 'units': 16, 'dropout': 0.40047461722120314, 'lr': 0.0009412256209571432, 'batch': 8}",48.0,2.155581057149968,0.03111639301855429,,
fold4_search16_run5,16.0,5.0,Adam,53.0,0.0759184882044792,0.0600183233618736,-0.2795924379918848,0.0025447141379117,"{'optimizer': 'Adam', 'lookback': 8, 'units': 16, 'dropout': 0.40047461722120314, 'lr': 0.0009412256209571432, 'batch': 8}",48.0,1.9947594611447226,0.04606912072387126,,
fold4_search16_run6,16.0,6.0,Adam,53.0,0.0772240757942199,0.06005484983325,-0.3239819394814143,0.0025447141379117,"{'optimizer': 'Adam', 'lookback': 8, 'units': 16, 'dropout': 0.40047461722120314, 'lr': 0.0009412256209571432, 'batch': 8}",48.0,2.598803232066003,0.009354937997279933,,
fold4_search16_run7,16.0,7.0,Adam,53.0,0.0734496861696243,0.0591778606176376,-0.1977233281424346,0.0025447141379117,"{'optimizer': 'Adam', 'lookback': 8, 'units': 16, 'dropout': 0.40047461722120314, 'lr': 0.0009412256209571432, 'batch': 8}",48.0,2.072597943069378,0.038209712637136795,,
fold4_search16_run8,16.0,8.0,Adam,53.0,0.0782027244567871,0.0589089021086692,-0.3577517203071763,0.0025447141379117,"{'optimizer': 'Adam', 'lookback': 8, 'units': 16, 'dropout': 0.40047461722120314, 'lr': 0.0009412256209571432, 'batch': 8}",48.0,2.0647533124285187,0.03894634741104941,,
fold4_search16_run9,16.0,9.0,Adam,53.0,0.0703714713454246,0.0551181063055992,-0.0994357394280078,0.0025447141379117,"{'optimizer': 'Adam', 'lookback': 8, 'units': 16, 'dropout': 0.40047461722120314, 'lr': 0.0009412256209571432, 'batch': 8}",48.0,0.5927404705635052,0.5533548525238163,,
fold4_search17_ens,17.0,,,,0.07689439866769036,0.06202150763546571,-0.47592655689256635,0.0022981925867497,"{'optimizer': 'Adam', 'lookback': 13, 'units': 32, 'dropout': 0.36142434592946876, 'lr': 0.0005670228232952138, 'batch': 8}",,2.885421548339131,0.003908898708373965,Ensemble,True
fold4_search17_run1,17.0,1.0,Adam,48.0,0.0803550705313682,0.0667801350355148,-0.6117659701151468,0.0022981925867497,"{'optimizer': 'Adam', 'lookback': 13, 'units': 32, 'dropout': 0.36142434592946876, 'lr': 0.0005670228232952138, 'batch': 8}",29.0,2.860196615973464,0.004233784295685217,,
fold4_search17_run10,17.0,10.0,Adam,48.0,0.0872389450669288,0.0706871226429939,-0.8997487692270367,0.0022981925867497,"{'optimizer': 'Adam', 'lookback': 13, 'units': 32, 'dropout': 0.36142434592946876, 'lr': 0.0005670228232952138, 'batch': 8}",29.0,3.5216878199906176,0.00042880878658935195,,
fold4_search17_run2,17.0,2.0,Adam,48.0,0.0730510503053665,0.0565630309283733,-0.3320737391928026,0.0022981925867497,"{'optimizer': 'Adam', 'lookback': 13, 'units': 32, 'dropout': 0.36142434592946876, 'lr': 0.0005670228232952138, 'batch': 8}",29.0,2.2131911025835422,0.026884473257520636,,
fold4_search17_run3,17.0,3.0,Adam,48.0,0.0961737632751464,0.0757730230689048,-1.308811890887001,0.0022981925867497,"{'optimizer': 'Adam', 'lookback': 13, 'units': 32, 'dropout': 0.36142434592946876, 'lr': 0.0005670228232952138, 'batch': 8}",29.0,2.3113618742623956,0.020812874993012986,,
fold4_search17_run4,17.0,4.0,Adam,48.0,0.0856549814343452,0.0662170574069023,-0.8313888744645896,0.0022981925867497,"{'optimizer': 'Adam', 'lookback': 13, 'units': 32, 'dropout': 0.36142434592946876, 'lr': 0.0005670228232952138, 'batch': 8}",29.0,2.6844362561433965,0.007265223604058901,,
fold4_search17_run5,17.0,5.0,Adam,48.0,0.0839024186134338,0.0668533965945243,-0.7572128415477057,0.0022981925867497,"{'optimizer': 'Adam', 'lookback': 13, 'units': 32, 'dropout': 0.36142434592946876, 'lr': 0.0005670228232952138, 'batch': 8}",29.0,2.733681983176841,0.006263050277371063,,
fold4_search17_run6,17.0,6.0,Adam,48.0,0.0844305902719497,0.0683464184403419,-0.7794055316910542,0.0022981925867497,"{'optimizer': 'Adam', 'lookback': 13, 'units': 32, 'dropout': 0.36142434592946876, 'lr': 0.0005670228232952138, 'batch': 8}",29.0,4.0117526566452115,6.0269628175291245e-05,,
fold4_search17_run7,17.0,7.0,Adam,48.0,0.1282520145177841,0.1018458008766174,-3.105855751609396,0.0022981925867497,"{'optimizer': 'Adam', 'lookback': 13, 'units': 32, 'dropout': 0.36142434592946876, 'lr': 0.0005670228232952138, 'batch': 8}",29.0,4.0600933373959744,4.905310288005893e-05,,
fold4_search17_run8,17.0,8.0,Adam,48.0,0.0828366950154304,0.0633443370461463,-0.712856022876112,0.0022981925867497,"{'optimizer': 'Adam', 'lookback': 13, 'units': 32, 'dropout': 0.36142434592946876, 'lr': 0.0005670228232952138, 'batch': 8}",29.0,2.9484494341254996,0.0031937238254768907,,
fold4_search17_run9,17.0,9.0,Adam,48.0,0.0794522315263748,0.0623300671577453,-0.5757506959205472,0.0022981925867497,"{'optimizer': 'Adam', 'lookback': 13, 'units': 32, 'dropout': 0.36142434592946876, 'lr': 0.0005670228232952138, 'batch': 8}",29.0,1.8515125024706462,0.06409585778030769,,
fold4_search18_ens,18.0,,,,0.06995499612858308,0.05519224015324934,-0.22155439623730566,0.0019733600784093,"{'optimizer': 'RMSprop', 'lookback': 13, 'units': 32, 'dropout': 0.39141716366665086, 'lr': 0.00024216730591673885, 'batch': 8}",,2.323929408039932,0.020129277803633272,Ensemble,True
fold4_search18_run1,18.0,1.0,RMSprop,48.0,0.0764330774545669,0.0605472885072231,-0.4582701386450203,0.0019733600784093,"{'optimizer': 'RMSprop', 'lookback': 13, 'units': 32, 'dropout': 0.39141716366665086, 'lr': 0.00024216730591673885, 'batch': 8}",46.0,2.1859190103248345,0.02882153115863284,,
fold4_search18_run10,18.0,10.0,RMSprop,48.0,0.0821467414498329,0.0640764385461807,-0.6844418980201301,0.0019733600784093,"{'optimizer': 'RMSprop', 'lookback': 13, 'units': 32, 'dropout': 0.39141716366665086, 'lr': 0.00024216730591673885, 'batch': 8}",46.0,2.567010798978004,0.010257941773920587,,
fold4_search18_run2,18.0,2.0,RMSprop,48.0,0.0797181650996208,0.0591122210025787,-0.586317032531817,0.0019733600784093,"{'optimizer': 'RMSprop', 'lookback': 13, 'units': 32, 'dropout': 0.39141716366665086, 'lr': 0.00024216730591673885, 'batch': 8}",46.0,2.2571880736504517,0.023996325328415002,,
fold4_search18_run3,18.0,3.0,RMSprop,48.0,0.0920947715640068,0.0782211944460868,-1.1171194069166677,0.0019733600784093,"{'optimizer': 'RMSprop', 'lookback': 13, 'units': 32, 'dropout': 0.39141716366665086, 'lr': 0.00024216730591673885, 'batch': 8}",46.0,4.7839814536121965,1.718565482589085e-06,,
fold4_search18_run4,18.0,4.0,RMSprop,48.0,0.077470064163208,0.0624956339597702,-0.4981080767751811,0.0019733600784093,"{'optimizer': 'RMSprop', 'lookback': 13, 'units': 32, 'dropout': 0.39141716366665086, 'lr': 0.00024216730591673885, 'batch': 8}",46.0,3.2530225069136165,0.0011418445264952393,,
fold4_search18_run5,18.0,5.0,RMSprop,48.0,0.0798818543553352,0.0620940215885639,-0.592838182888076,0.0019733600784093,"{'optimizer': 'RMSprop', 'lookback': 13, 'units': 32, 'dropout': 0.39141716366665086, 'lr': 0.00024216730591673885, 'batch': 8}",46.0,2.3656090265953233,0.018000442395420757,,
fold4_search18_run6,18.0,6.0,RMSprop,48.0,0.0736221000552177,0.0568965077400207,-0.3529811541929002,0.0019733600784093,"{'optimizer': 'RMSprop', 'lookback': 13, 'units': 32, 'dropout': 0.39141716366665086, 'lr': 0.00024216730591673885, 'batch': 8}",46.0,2.5312031717733943,0.01136719835465727,,
fold4_search18_run7,18.0,7.0,RMSprop,48.0,0.0827630832791328,0.0683724880218505,-0.7098132677553268,0.0019733600784093,"{'optimizer': 'RMSprop', 'lookback': 13, 'units': 32, 'dropout': 0.39141716366665086, 'lr': 0.00024216730591673885, 'batch': 8}",46.0,3.2894586337118197,0.0010038031046954998,,
fold4_search18_run8,18.0,8.0,RMSprop,48.0,0.0718132257461547,0.0581634789705276,-0.2873132845116546,0.0019733600784093,"{'optimizer': 'RMSprop', 'lookback': 13, 'units': 32, 'dropout': 0.39141716366665086, 'lr': 0.00024216730591673885, 'batch': 8}",46.0,1.7166805895611055,0.08603754859785084,,
fold4_search18_run9,18.0,9.0,RMSprop,48.0,0.0665682330727577,0.0540655292570591,-0.1061381619054269,0.0019733600784093,"{'optimizer': 'RMSprop', 'lookback': 13, 'units': 32, 'dropout': 0.39141716366665086, 'lr': 0.00024216730591673885, 'batch': 8}",46.0,0.9545373944990853,0.3398116900670025,,
fold4_search19_ens,19.0,,,,0.07087906698065591,0.05667725066939483,-0.11877972997887398,0.0024022734723985,"{'optimizer': 'RMSprop', 'lookback': 4, 'units': 8, 'dropout': 0.43900633060926625, 'lr': 0.0009096544992525948, 'batch': 8}",,1.5754974876178385,0.11514165792069586,Ensemble,True
fold4_search19_run1,19.0,1.0,RMSprop,57.0,0.0695318579673767,0.0551250576972961,-0.0766542558309593,0.0024022734723985,"{'optimizer': 'RMSprop', 'lookback': 4, 'units': 8, 'dropout': 0.43900633060926625, 'lr': 0.0009096544992525948, 'batch': 8}",32.0,1.1034854835810168,0.26981639212734176,,
fold4_search19_run10,19.0,10.0,RMSprop,57.0,0.0752847045660018,0.0596181340515613,-0.262182278960972,0.0024022734723985,"{'optimizer': 'RMSprop', 'lookback': 4, 'units': 8, 'dropout': 0.43900633060926625, 'lr': 0.0009096544992525948, 'batch': 8}",32.0,2.696249809220624,0.007012505457889562,,
fold4_search19_run2,19.0,2.0,RMSprop,57.0,0.0716269090771675,0.0571371801197528,-0.1425126579987807,0.0024022734723985,"{'optimizer': 'RMSprop', 'lookback': 4, 'units': 8, 'dropout': 0.43900633060926625, 'lr': 0.0009096544992525948, 'batch': 8}",32.0,1.282013503488007,0.19983790931207546,,
fold4_search19_run3,19.0,3.0,RMSprop,57.0,0.0690553337335586,0.0536619685590267,-0.0619476241683425,0.0024022734723985,"{'optimizer': 'RMSprop', 'lookback': 4, 'units': 8, 'dropout': 0.43900633060926625, 'lr': 0.0009096544992525948, 'batch': 8}",32.0,0.8756086607690148,0.3812428154899492,,
fold4_search19_run4,19.0,4.0,RMSprop,57.0,0.073929339647293,0.0588341914117336,-0.2171448932054092,0.0024022734723985,"{'optimizer': 'RMSprop', 'lookback': 4, 'units': 8, 'dropout': 0.43900633060926625, 'lr': 0.0009096544992525948, 'batch': 8}",32.0,2.012228191911523,0.0441958879737705,,
fold4_search19_run5,19.0,5.0,RMSprop,57.0,0.0754734724760055,0.0594961568713188,-0.2685197007910713,0.0024022734723985,"{'optimizer': 'RMSprop', 'lookback': 4, 'units': 8, 'dropout': 0.43900633060926625, 'lr': 0.0009096544992525948, 'batch': 8}",32.0,2.292946754913427,0.021851070575589437,,
fold4_search19_run6,19.0,6.0,RMSprop,57.0,0.0763504579663276,0.0616701878607273,-0.2981709536824559,0.0024022734723985,"{'optimizer': 'RMSprop', 'lookback': 4, 'units': 8, 'dropout': 0.43900633060926625, 'lr': 0.0009096544992525948, 'batch': 8}",32.0,2.060631471680149,0.03933821191442366,,
fold4_search19_run7,19.0,7.0,RMSprop,57.0,0.0707156881690025,0.0553972497582435,-0.1136280332464729,0.0024022734723985,"{'optimizer': 'RMSprop', 'lookback': 4, 'units': 8, 'dropout': 0.43900633060926625, 'lr': 0.0009096544992525948, 'batch': 8}",32.0,1.6004315672125102,0.10950287685807036,,
fold4_search19_run8,19.0,8.0,RMSprop,57.0,0.0735799148678779,0.0586683489382267,-0.205666244388784,0.0024022734723985,"{'optimizer': 'RMSprop', 'lookback': 4, 'units': 8, 'dropout': 0.43900633060926625, 'lr': 0.0009096544992525948, 'batch': 8}",32.0,1.9813080876496465,0.04755673395904392,,
fold4_search19_run9,19.0,9.0,RMSprop,57.0,0.0718590021133422,0.0570248812437057,-0.1499287521409444,0.0024022734723985,"{'optimizer': 'RMSprop', 'lookback': 4, 'units': 8, 'dropout': 0.43900633060926625, 'lr': 0.0009096544992525948, 'batch': 8}",32.0,1.3838103437909315,0.16641653494350628,,
fold4_search1_ens,1.0,,,,0.07075700210641485,0.056642655786166785,-0.2497242163092248,0.0023066350258886,"{'optimizer': 'RMSprop', 'lookback': 13, 'units': 8, 'dropout': 0.40237677659992965, 'lr': 0.0003320525544879616, 'batch': 8}",,2.611181354586987,0.00902300303885828,Ensemble,True
fold4_search1_run1,1.0,1.0,RMSprop,48.0,0.0688286274671554,0.0561008118093013,-0.1825337751625715,0.0023066350258886,"{'optimizer': 'RMSprop', 'lookback': 13, 'units': 8, 'dropout': 0.40237677659992965, 'lr': 0.0003320525544879616, 'batch': 8}",70.0,2.2288888414202166,0.025821301750493353,,
fold4_search1_run10,1.0,10.0,RMSprop,48.0,0.0706874579191207,0.0554888658225536,-0.2472688196911885,0.0023066350258886,"{'optimizer': 'RMSprop', 'lookback': 13, 'units': 8, 'dropout': 0.40237677659992965, 'lr': 0.0003320525544879616, 'batch': 8}",70.0,2.468752946016868,0.013558478989579958,,
fold4_search1_run2,1.0,2.0,RMSprop,48.0,0.0686023905873298,0.0559724904596805,-0.1747727850841494,0.0023066350258886,"{'optimizer': 'RMSprop', 'lookback': 13, 'units': 8, 'dropout': 0.40237677659992965, 'lr': 0.0003320525544879616, 'batch': 8}",70.0,1.739274822609272,0.0819864337675349,,
fold4_search1_run3,1.0,3.0,RMSprop,48.0,0.0731963440775871,0.0576608777046203,-0.3373780041056538,0.0023066350258886,"{'optimizer': 'RMSprop', 'lookback': 13, 'units': 8, 'dropout': 0.40237677659992965, 'lr': 0.0003320525544879616, 'batch': 8}",70.0,3.6134109846672096,0.0003021951321859895,,
fold4_search1_run4,1.0,4.0,RMSprop,48.0,0.0692481845617294,0.0550363101065158,-0.1969946694034363,0.0023066350258886,"{'optimizer': 'RMSprop', 'lookback': 13, 'units': 8, 'dropout': 0.40237677659992965, 'lr': 0.0003320525544879616, 'batch': 8}",70.0,2.7514975020290815,0.005932347225931833,,
fold4_search1_run5,1.0,5.0,RMSprop,48.0,0.0708557143807411,0.055325299501419,-0.2532137557917029,0.0023066350258886,"{'optimizer': 'RMSprop', 'lookback': 13, 'units': 8, 'dropout': 0.40237677659992965, 'lr': 0.0003320525544879616, 'batch': 8}",70.0,2.0185142054633958,0.043537736224195545,,
fold4_search1_run6,1.0,6.0,RMSprop,48.0,0.0780429393053054,0.0633816197514534,-0.5203464355019245,0.0023066350258886,"{'optimizer': 'RMSprop', 'lookback': 13, 'units': 8, 'dropout': 0.40237677659992965, 'lr': 0.0003320525544879616, 'batch': 8}",70.0,2.9864152848907444,0.00282269033459559,,
fold4_search1_run7,1.0,7.0,RMSprop,48.0,0.0708290785551071,0.0563004724681377,-0.2522715799431614,0.0023066350258886,"{'optimizer': 'RMSprop', 'lookback': 13, 'units': 8, 'dropout': 0.40237677659992965, 'lr': 0.0003320525544879616, 'batch': 8}",70.0,2.5958481655356374,0.009435775159587712,,
fold4_search1_run8,1.0,8.0,RMSprop,48.0,0.0846333652734756,0.0631285086274147,-0.7879631283161306,0.0023066350258886,"{'optimizer': 'RMSprop', 'lookback': 13, 'units': 8, 'dropout': 0.40237677659992965, 'lr': 0.0003320525544879616, 'batch': 8}",70.0,2.0764329215543,0.03785392905312035,,
fold4_search1_run9,1.0,9.0,RMSprop,48.0,0.0817803964018821,0.0643948018550872,-0.6694515738977749,0.0023066350258886,"{'optimizer': 'RMSprop', 'lookback': 13, 'units': 8, 'dropout': 0.40237677659992965, 'lr': 0.0003320525544879616, 'batch': 8}",70.0,3.1304351466379763,0.0017454753537464729,,
fold4_search20_ens,20.0,,,,0.07626432425120172,0.06201346363423791,-0.45183810335068375,0.0026232304517179,"{'optimizer': 'RMSprop', 'lookback': 13, 'units': 16, 'dropout': 0.29807022657091425, 'lr': 0.00041470926959793754, 'batch': 8}",,3.0937889647535006,0.0019761800120499107,Ensemble,True
fold4_search20_run1,20.0,1.0,RMSprop,48.0,0.0777023211121559,0.0624370090663433,-0.5071043039278318,0.0026232304517179,"{'optimizer': 'RMSprop', 'lookback': 13, 'units': 16, 'dropout': 0.29807022657091425, 'lr': 0.00041470926959793754, 'batch': 8}",70.0,2.48336022431169,0.013014940048474699,,
fold4_search20_run10,20.0,10.0,RMSprop,48.0,0.1213877201080322,0.1033155024051666,-2.6781110778459305,0.0026232304517179,"{'optimizer': 'RMSprop', 'lookback': 13, 'units': 16, 'dropout': 0.29807022657091425, 'lr': 0.00041470926959793754, 'batch': 8}",70.0,5.582774362164095,2.367117679646924e-08,,
fold4_search20_run2,20.0,2.0,RMSprop,48.0,0.0866249278187751,0.0699573755264282,-0.8731005393010804,0.0026232304517179,"{'optimizer': 'RMSprop', 'lookback': 13, 'units': 16, 'dropout': 0.29807022657091425, 'lr': 0.00041470926959793754, 'batch': 8}",70.0,3.8230108598280936,0.00013183197092114796,,
fold4_search20_run3,20.0,3.0,RMSprop,48.0,0.0861919745802879,0.0713572278618812,-0.8544238602778746,0.0026232304517179,"{'optimizer': 'RMSprop', 'lookback': 13, 'units': 16, 'dropout': 0.29807022657091425, 'lr': 0.00041470926959793754, 'batch': 8}",70.0,3.4253341786547495,0.000614043637135131,,
fold4_search20_run4,20.0,4.0,RMSprop,48.0,0.0779074132442474,0.0603839941322803,-0.5150707414075963,0.0026232304517179,"{'optimizer': 'RMSprop', 'lookback': 13, 'units': 16, 'dropout': 0.29807022657091425, 'lr': 0.00041470926959793754, 'batch': 8}",70.0,2.1882325717800626,0.028652665647675768,,
fold4_search20_run5,20.0,5.0,RMSprop,48.0,0.0978302210569381,0.0793534740805625,-1.389029064334923,0.0026232304517179,"{'optimizer': 'RMSprop', 'lookback': 13, 'units': 16, 'dropout': 0.29807022657091425, 'lr': 0.00041470926959793754, 'batch': 8}",70.0,4.190484831651268,2.783590237531719e-05,,
fold4_search20_run6,20.0,6.0,RMSprop,48.0,0.0787833631038665,0.0681441500782966,-0.5493314832247791,0.0026232304517179,"{'optimizer': 'RMSprop', 'lookback': 13, 'units': 16, 'dropout': 0.29807022657091425, 'lr': 0.00041470926959793754, 'batch': 8}",70.0,3.949013870403285,7.847380500924928e-05,,
fold4_search20_run7,20.0,7.0,RMSprop,48.0,0.0802256241440773,0.0670001879334449,-0.6065770347068993,0.0026232304517179,"{'optimizer': 'RMSprop', 'lookback': 13, 'units': 16, 'dropout': 0.29807022657091425, 'lr': 0.00041470926959793754, 'batch': 8}",70.0,2.916801898702209,0.00353640301104563,,
fold4_search20_run8,20.0,8.0,RMSprop,48.0,0.0759709253907203,0.0608213953673839,-0.4406888227877881,0.0026232304517179,"{'optimizer': 'RMSprop', 'lookback': 13, 'units': 16, 'dropout': 0.29807022657091425, 'lr': 0.00041470926959793754, 'batch': 8}",70.0,2.449871398016613,0.014290724520647835,,
fold4_search20_run9,20.0,9.0,RMSprop,48.0,0.0725056678056716,0.0591970272362232,-0.31225830409362,0.0026232304517179,"{'optimizer': 'RMSprop', 'lookback': 13, 'units': 16, 'dropout': 0.29807022657091425, 'lr': 0.00041470926959793754, 'batch': 8}",70.0,2.199171880433405,0.027865702982939222,,
fold4_search2_ens,2.0,,,,0.07327477392757177,0.05878607612543072,-0.3402453577873681,0.0018178049940615,"{'optimizer': 'Adam', 'lookback': 13, 'units': 8, 'dropout': 0.42514955153515543, 'lr': 0.0004462648870302559, 'batch': 8}",,2.5341043878103937,0.011273514280053742,Ensemble,True
fold4_search2_run1,2.0,1.0,Adam,48.0,0.0774665847420692,0.0609956495463848,-0.4979734041075225,0.0018178049940615,"{'optimizer': 'Adam', 'lookback': 13, 'units': 8, 'dropout': 0.42514955153515543, 'lr': 0.0004462648870302559, 'batch': 8}",114.0,3.1907956831988944,0.00141881577275349,,
fold4_search2_run10,2.0,10.0,Adam,48.0,0.0849902108311653,0.0684202015399932,-0.8030725903627103,0.0018178049940615,"{'optimizer': 'Adam', 'lookback': 13, 'units': 8, 'dropout': 0.42514955153515543, 'lr': 0.0004462648870302559, 'batch': 8}",114.0,3.2243886613392823,0.0012624193575718756,,
fold4_search2_run2,2.0,2.0,Adam,48.0,0.0720933899283409,0.0557718090713024,-0.2973770624711223,0.0018178049940615,"{'optimizer': 'Adam', 'lookback': 13, 'units': 8, 'dropout': 0.42514955153515543, 'lr': 0.0004462648870302559, 'batch': 8}",114.0,2.5435276172831234,0.010973938146286333,,
fold4_search2_run3,2.0,3.0,Adam,48.0,0.0839852467179298,0.0702521204948425,-0.7606837842488612,0.0018178049940615,"{'optimizer': 'Adam', 'lookback': 13, 'units': 8, 'dropout': 0.42514955153515543, 'lr': 0.0004462648870302559, 'batch': 8}",114.0,3.322983402606362,0.0008906021329548874,,
fold4_search2_run4,2.0,4.0,Adam,48.0,0.0795900896191597,0.0640903189778328,-0.5812236902345778,0.0018178049940615,"{'optimizer': 'Adam', 'lookback': 13, 'units': 8, 'dropout': 0.42514955153515543, 'lr': 0.0004462648870302559, 'batch': 8}",114.0,3.520282141079028,0.00043108797095658957,,
fold4_search2_run5,2.0,5.0,Adam,48.0,0.0685518980026245,0.0545045435428619,-0.1730440381283873,0.0018178049940615,"{'optimizer': 'Adam', 'lookback': 13, 'units': 8, 'dropout': 0.42514955153515543, 'lr': 0.0004462648870302559, 'batch': 8}",114.0,1.7773617312468033,0.07550874292757936,,
fold4_search2_run6,2.0,6.0,Adam,48.0,0.0668576508760452,0.0527913160622119,-0.115777416573892,0.0018178049940615,"{'optimizer': 'Adam', 'lookback': 13, 'units': 8, 'dropout': 0.42514955153515543, 'lr': 0.0004462648870302559, 'batch': 8}",114.0,1.094981523354607,0.27352473121627763,,
fold4_search2_run7,2.0,7.0,Adam,48.0,0.0897921994328498,0.0720315054059028,-1.01257739515392,0.0018178049940615,"{'optimizer': 'Adam', 'lookback': 13, 'units': 8, 'dropout': 0.42514955153515543, 'lr': 0.0004462648870302559, 'batch': 8}",114.0,3.0338893056304825,0.0024142299543008505,,
fold4_search2_run8,2.0,8.0,Adam,48.0,0.0774905309081077,0.0637597516179084,-0.4988999334740194,0.0018178049940615,"{'optimizer': 'Adam', 'lookback': 13, 'units': 8, 'dropout': 0.42514955153515543, 'lr': 0.0004462648870302559, 'batch': 8}",114.0,2.3253223982996998,0.020054727494336344,,
fold4_search2_run9,2.0,9.0,Adam,48.0,0.072848804295063,0.0579945892095565,-0.3247082124114631,0.0018178049940615,"{'optimizer': 'Adam', 'lookback': 13, 'units': 8, 'dropout': 0.42514955153515543, 'lr': 0.0004462648870302559, 'batch': 8}",114.0,2.2911028669206877,0.02195746487981709,,
fold4_search3_ens,3.0,,,,0.07486493735749737,0.059786753485754796,-0.3990468832060541,0.0020448095165193,"{'optimizer': 'Adam', 'lookback': 13, 'units': 32, 'dropout': 0.23198878023541245, 'lr': 0.0009387187130841223, 'batch': 8}",,2.8765997652496713,0.004019851011779263,Ensemble,True
fold4_search3_run1,3.0,1.0,Adam,48.0,0.0744365155696868,0.0607539899647235,-0.3830804036863318,0.0020448095165193,"{'optimizer': 'Adam', 'lookback': 13, 'units': 32, 'dropout': 0.23198878023541245, 'lr': 0.0009387187130841223, 'batch': 8}",28.0,1.940273793789101,0.05234642446502469,,
fold4_search3_run10,3.0,10.0,Adam,48.0,0.0926277935504913,0.0757217854261398,-1.14169672621596,0.0020448095165193,"{'optimizer': 'Adam', 'lookback': 13, 'units': 32, 'dropout': 0.23198878023541245, 'lr': 0.0009387187130841223, 'batch': 8}",28.0,3.8711362733062584,0.00010832920735848184,,
fold4_search3_run2,3.0,2.0,Adam,48.0,0.0906359553337097,0.0734668001532554,-1.0505786182787946,0.0020448095165193,"{'optimizer': 'Adam', 'lookback': 13, 'units': 32, 'dropout': 0.23198878023541245, 'lr': 0.0009387187130841223, 'batch': 8}",28.0,3.947595174955405,7.894013983089643e-05,,
fold4_search3_run3,3.0,3.0,Adam,48.0,0.0762918591499328,0.0590371079742908,-0.4528867955817206,0.0020448095165193,"{'optimizer': 'Adam', 'lookback': 13, 'units': 32, 'dropout': 0.23198878023541245, 'lr': 0.0009387187130841223, 'batch': 8}",28.0,2.045180238438674,0.04083709199904417,,
fold4_search3_run4,3.0,4.0,Adam,48.0,0.0953176692128181,0.078272059559822,-1.26789089556306,0.0020448095165193,"{'optimizer': 'Adam', 'lookback': 13, 'units': 32, 'dropout': 0.23198878023541245, 'lr': 0.0009387187130841223, 'batch': 8}",28.0,3.3750227357082134,0.0007380959283149746,,
fold4_search3_run5,3.0,5.0,Adam,48.0,0.0809353590011596,0.0646466836333274,-0.6351285364165569,0.0020448095165193,"{'optimizer': 'Adam', 'lookback': 13, 'units': 32, 'dropout': 0.23198878023541245, 'lr': 0.0009387187130841223, 'batch': 8}",28.0,3.504577475406884,0.00045733247755208595,,
fold4_search3_run6,3.0,6.0,Adam,48.0,0.0749414786696434,0.0595457218587398,-0.4019091096977341,0.0020448095165193,"{'optimizer': 'Adam', 'lookback': 13, 'units': 32, 'dropout': 0.23198878023541245, 'lr': 0.0009387187130841223, 'batch': 8}",28.0,2.3639708863474747,0.018080233360130427,,
fold4_search3_run7,3.0,7.0,Adam,48.0,0.0883075818419456,0.0700074136257171,-0.9465756971390232,0.0020448095165193,"{'optimizer': 'Adam', 'lookback': 13, 'units': 32, 'dropout': 0.23198878023541245, 'lr': 0.0009387187130841223, 'batch': 8}",28.0,3.608763919860205,0.0003076594225486229,,
fold4_search3_run8,3.0,8.0,Adam,48.0,0.0792057886719703,0.0624916851520538,-0.5659907693458472,0.0020448095165193,"{'optimizer': 'Adam', 'lookback': 13, 'units': 32, 'dropout': 0.23198878023541245, 'lr': 0.0009387187130841223, 'batch': 8}",28.0,2.795753918446334,0.005177880937370816,,
fold4_search3_run9,3.0,9.0,Adam,48.0,0.07406797260046,0.0590452551841735,-0.369418768017401,0.0020448095165193,"{'optimizer': 'Adam', 'lookback': 13, 'units': 32, 'dropout': 0.23198878023541245, 'lr': 0.0009387187130841223, 'batch': 8}",28.0,2.8024059715324072,0.005072300003920782,,
fold4_search4_ens,4.0,,,,0.06941492488168491,0.055609570530756436,-0.20276575181433532,0.00217628874816,"{'optimizer': 'RMSprop', 'lookback': 13, 'units': 8, 'dropout': 0.3920642444761263, 'lr': 0.00016598276764292724, 'batch': 8}",,3.0384158503666576,0.0023782551576190247,Ensemble,True
fold4_search4_run1,4.0,1.0,RMSprop,48.0,0.0756849721074104,0.0590632446110248,-0.4298636155244715,0.00217628874816,"{'optimizer': 'RMSprop', 'lookback': 13, 'units': 8, 'dropout': 0.3920642444761263, 'lr': 0.00016598276764292724, 'batch': 8}",150.0,2.529173964937456,0.011433134234542397,,
fold4_search4_run10,4.0,10.0,RMSprop,48.0,0.0754711553454399,0.0610988549888134,-0.4217963221988936,0.00217628874816,"{'optimizer': 'RMSprop', 'lookback': 13, 'units': 8, 'dropout': 0.3920642444761263, 'lr': 0.00016598276764292724, 'batch': 8}",150.0,3.0024029303381266,0.0026785738229655465,,
fold4_search4_run2,4.0,2.0,RMSprop,48.0,0.0689378306269645,0.0555244088172912,-0.1862891351453635,0.00217628874816,"{'optimizer': 'RMSprop', 'lookback': 13, 'units': 8, 'dropout': 0.3920642444761263, 'lr': 0.00016598276764292724, 'batch': 8}",150.0,2.1416063448836247,0.03222517273747916,,
fold4_search4_run3,4.0,3.0,RMSprop,48.0,0.0778092592954635,0.0612752623856067,-0.5112556419010343,0.00217628874816,"{'optimizer': 'RMSprop', 'lookback': 13, 'units': 8, 'dropout': 0.3920642444761263, 'lr': 0.00016598276764292724, 'batch': 8}",150.0,2.9465073101290242,0.003213848224791871,,
fold4_search4_run4,4.0,4.0,RMSprop,48.0,0.0662862285971641,0.0527116768062114,-0.0967861301739816,0.00217628874816,"{'optimizer': 'RMSprop', 'lookback': 13, 'units': 8, 'dropout': 0.3920642444761263, 'lr': 0.00016598276764292724, 'batch': 8}",150.0,1.6379056824332638,0.10144137040701184,,
fold4_search4_run5,4.0,5.0,RMSprop,48.0,0.0675247088074684,0.05376797914505,-0.1381533470131235,0.00217628874816,"{'optimizer': 'RMSprop', 'lookback': 13, 'units': 8, 'dropout': 0.3920642444761263, 'lr': 0.00016598276764292724, 'batch': 8}",150.0,2.530296010101777,0.011396633305417403,,
fold4_search4_run6,4.0,6.0,RMSprop,48.0,0.0690974816679954,0.0523333139717578,-0.1917901977438361,0.00217628874816,"{'optimizer': 'RMSprop', 'lookback': 13, 'units': 8, 'dropout': 0.3920642444761263, 'lr': 0.00016598276764292724, 'batch': 8}",150.0,1.3719777484072537,0.1700703649425459,,
fold4_search4_run7,4.0,7.0,RMSprop,48.0,0.0734794959425926,0.0587385185062885,-0.3477448229845066,0.00217628874816,"{'optimizer': 'RMSprop', 'lookback': 13, 'units': 8, 'dropout': 0.3920642444761263, 'lr': 0.00016598276764292724, 'batch': 8}",150.0,2.994853214181157,0.0027457694193673277,,
fold4_search4_run8,4.0,8.0,RMSprop,48.0,0.0773928090929985,0.064040370285511,-0.4951219086611109,0.00217628874816,"{'optimizer': 'RMSprop', 'lookback': 13, 'units': 8, 'dropout': 0.3920642444761263, 'lr': 0.00016598276764292724, 'batch': 8}",150.0,3.442723329639872,0.0005758881467987642,,
fold4_search4_run9,4.0,9.0,RMSprop,48.0,0.0754712224006652,0.0612127073109149,-0.4217985603946188,0.00217628874816,"{'optimizer': 'RMSprop', 'lookback': 13, 'units': 8, 'dropout': 0.3920642444761263, 'lr': 0.00016598276764292724, 'batch': 8}",150.0,3.161485544298876,0.001569666092747779,,
fold4_search5_ens,5.0,,,,0.07298354338272979,0.058439274485900895,-0.18620157013503347,0.0025632425677031,"{'optimizer': 'RMSprop', 'lookback': 4, 'units': 16, 'dropout': 0.44764616019022474, 'lr': 0.0002879993901064388, 'batch': 16}",,2.0361610656702887,0.04173418444267152,Ensemble,True
fold4_search5_run1,5.0,1.0,RMSprop,57.0,0.0727863013744354,0.057799108326435,-0.179798826224333,0.0025632425677031,"{'optimizer': 'RMSprop', 'lookback': 4, 'units': 16, 'dropout': 0.44764616019022474, 'lr': 0.0002879993901064388, 'batch': 16}",90.0,2.9923610435139483,0.00276828659209416,,
fold4_search5_run10,5.0,10.0,RMSprop,57.0,0.0762519016861915,0.0604240223765373,-0.2948217185344746,0.0025632425677031,"{'optimizer': 'RMSprop', 'lookback': 4, 'units': 16, 'dropout': 0.44764616019022474, 'lr': 0.0002879993901064388, 'batch': 16}",90.0,2.0050965405442223,0.04495272725641275,,
fold4_search5_run2,5.0,2.0,RMSprop,57.0,0.0729821249842643,0.0582790076732635,-0.1861553681419065,0.0025632425677031,"{'optimizer': 'RMSprop', 'lookback': 4, 'units': 16, 'dropout': 0.44764616019022474, 'lr': 0.0002879993901064388, 'batch': 16}",90.0,2.870927408209873,0.004092694986140399,,
fold4_search5_run3,5.0,3.0,RMSprop,57.0,0.0725522637367248,0.0573525205254554,-0.1722236973650033,0.0025632425677031,"{'optimizer': 'RMSprop', 'lookback': 4, 'units': 16, 'dropout': 0.44764616019022474, 'lr': 0.0002879993901064388, 'batch': 16}",90.0,1.578323607513075,0.11449128514946727,,
fold4_search5_run4,5.0,4.0,RMSprop,57.0,0.077019415795803,0.0635990351438522,-0.3210188419157629,0.0025632425677031,"{'optimizer': 'RMSprop', 'lookback': 4, 'units': 16, 'dropout': 0.44764616019022474, 'lr': 0.0002879993901064388, 'batch': 16}",90.0,2.505611953466673,0.012223969320060535,,
fold4_search5_run5,5.0,5.0,RMSprop,57.0,0.0770134478807449,0.0615325644612312,-0.3208143618008796,0.0025632425677031,"{'optimizer': 'RMSprop', 'lookback': 4, 'units': 16, 'dropout': 0.44764616019022474, 'lr': 0.0002879993901064388, 'batch': 16}",90.0,2.30958713074317,0.020911022762862386,,
fold4_search5_run6,5.0,6.0,RMSprop,57.0,0.076128676533699,0.0599657259881496,-0.2906400764853885,0.0025632425677031,"{'optimizer': 'RMSprop', 'lookback': 4, 'units': 16, 'dropout': 0.44764616019022474, 'lr': 0.0002879993901064388, 'batch': 16}",90.0,2.517778245988947,0.011809764846542059,,
fold4_search5_run7,5.0,7.0,RMSprop,57.0,0.0817769765853881,0.0661427602171897,-0.4892604494632684,0.0025632425677031,"{'optimizer': 'RMSprop', 'lookback': 4, 'units': 16, 'dropout': 0.44764616019022474, 'lr': 0.0002879993901064388, 'batch': 16}",90.0,3.2199249066208226,0.0012822418013982428,,
fold4_search5_run8,5.0,8.0,RMSprop,57.0,0.0719366371631622,0.057801716029644,-0.1524147532289117,0.0025632425677031,"{'optimizer': 'RMSprop', 'lookback': 4, 'units': 16, 'dropout': 0.44764616019022474, 'lr': 0.0002879993901064388, 'batch': 16}",90.0,1.1892439012300133,0.23434370356691248,,
fold4_search5_run9,5.0,9.0,RMSprop,57.0,0.0725110471248626,0.056527029722929,-0.1708922458312072,0.0025632425677031,"{'optimizer': 'RMSprop', 'lookback': 4, 'units': 16, 'dropout': 0.44764616019022474, 'lr': 0.0002879993901064388, 'batch': 16}",90.0,1.5381648573954385,0.12400831118681932,,
fold4_search6_ens,6.0,,,,0.06950736719740629,0.05538371320313707,-0.07589597379165802,0.0026843599043786,"{'optimizer': 'RMSprop', 'lookback': 4, 'units': 8, 'dropout': 0.4387265690647816, 'lr': 0.0009392119283077537, 'batch': 8}",,1.191311979966914,0.2335311326095515,Ensemble,True
fold4_search6_run1,6.0,1.0,RMSprop,57.0,0.0709948167204856,0.0573557987809181,-0.1224367541826489,0.0026843599043786,"{'optimizer': 'RMSprop', 'lookback': 4, 'units': 8, 'dropout': 0.4387265690647816, 'lr': 0.0009392119283077537, 'batch': 8}",42.0,1.2610427081144744,0.2072934603460348,,
fold4_search6_run10,6.0,10.0,RMSprop,57.0,0.06911201775074,0.055650245398283,-0.0636917105189323,0.0026843599043786,"{'optimizer': 'RMSprop', 'lookback': 4, 'units': 8, 'dropout': 0.4387265690647816, 'lr': 0.0009392119283077537, 'batch': 8}",42.0,1.131624062992219,0.25779251912249945,,
fold4_search6_run2,6.0,2.0,RMSprop,57.0,0.072834238409996,0.0590159967541694,-0.1813531936195744,0.0026843599043786,"{'optimizer': 'RMSprop', 'lookback': 4, 'units': 8, 'dropout': 0.4387265690647816, 'lr': 0.0009392119283077537, 'batch': 8}",42.0,3.144229063353957,0.0016652503415031106,,
fold4_search6_run3,6.0,3.0,RMSprop,57.0,0.0663745924830436,0.0514607727527618,0.0189021594078449,0.0026843599043786,"{'optimizer': 'RMSprop', 'lookback': 4, 'units': 8, 'dropout': 0.4387265690647816, 'lr': 0.0009392119283077537, 'batch': 8}",42.0,-0.1771592919736178,0.8593832701288004,,
fold4_search6_run4,6.0,4.0,RMSprop,57.0,0.071975901722908,0.0566744729876518,-0.153673268924352,0.0026843599043786,"{'optimizer': 'RMSprop', 'lookback': 4, 'units': 8, 'dropout': 0.4387265690647816, 'lr': 0.0009392119283077537, 'batch': 8}",42.0,2.133834842556126,0.03285630265755901,,
fold4_search6_run5,6.0,5.0,RMSprop,57.0,0.0736477971076965,0.0565043427050113,-0.2078919971858615,0.0026843599043786,"{'optimizer': 'RMSprop', 'lookback': 4, 'units': 8, 'dropout': 0.4387265690647816, 'lr': 0.0009392119283077537, 'batch': 8}",42.0,1.8563888716801313,0.06339814976820857,,
fold4_search6_run6,6.0,6.0,RMSprop,57.0,0.0739902928471565,0.059902012348175,-0.2191525127332214,0.0026843599043786,"{'optimizer': 'RMSprop', 'lookback': 4, 'units': 8, 'dropout': 0.4387265690647816, 'lr': 0.0009392119283077537, 'batch': 8}",42.0,1.42688538059759,0.15361293542390442,,
fold4_search6_run7,6.0,7.0,RMSprop,57.0,0.0724305436015129,0.0578886494040489,-0.1682937269005981,0.0026843599043786,"{'optimizer': 'RMSprop', 'lookback': 4, 'units': 8, 'dropout': 0.4387265690647816, 'lr': 0.0009392119283077537, 'batch': 8}",42.0,1.661894081786043,0.09653401354131463,,
fold4_search6_run8,6.0,8.0,RMSprop,57.0,0.0715632811188697,0.0569807514548301,-0.1404838705218078,0.0026843599043786,"{'optimizer': 'RMSprop', 'lookback': 4, 'units': 8, 'dropout': 0.4387265690647816, 'lr': 0.0009392119283077537, 'batch': 8}",42.0,1.5669925861904375,0.11711642454603899,,
fold4_search6_run9,6.0,9.0,RMSprop,57.0,0.0709784105420112,0.0556902065873146,-0.1219181349922091,0.0026843599043786,"{'optimizer': 'RMSprop', 'lookback': 4, 'units': 8, 'dropout': 0.4387265690647816, 'lr': 0.0009392119283077537, 'batch': 8}",42.0,1.618534272952678,0.1055475068795586,,
fold4_search7_ens,7.0,,,,0.07051792923030482,0.056172368929540216,-0.24129337823068897,0.0016084712697193,"{'optimizer': 'RMSprop', 'lookback': 13, 'units': 8, 'dropout': 0.25890829600776727, 'lr': 0.00030130374948280004, 'batch': 8}",,2.405115261289773,0.016167365689123914,Ensemble,True
fold4_search7_run1,7.0,1.0,RMSprop,48.0,0.0678749904036521,0.0498766712844371,-0.1499922717365347,0.0016084712697193,"{'optimizer': 'RMSprop', 'lookback': 13, 'units': 8, 'dropout': 0.25890829600776727, 'lr': 0.00030130374948280004, 'batch': 8}",78.0,1.1588466585946675,0.24651869487703681,,
fold4_search7_run10,7.0,10.0,RMSprop,48.0,0.0861760750412941,0.0723555088043212,-0.8537396075631689,0.0016084712697193,"{'optimizer': 'RMSprop', 'lookback': 13, 'units': 8, 'dropout': 0.25890829600776727, 'lr': 0.00030130374948280004, 'batch': 8}",78.0,3.4291529630792277,0.0006054681880136581,,
fold4_search7_run2,7.0,2.0,RMSprop,48.0,0.0778317302465438,0.0627470687031745,-0.5121283628983411,0.0016084712697193,"{'optimizer': 'RMSprop', 'lookback': 13, 'units': 8, 'dropout': 0.25890829600776727, 'lr': 0.00030130374948280004, 'batch': 8}",78.0,2.3969008897589617,0.01653439535532919,,
fold4_search7_run3,7.0,3.0,RMSprop,48.0,0.0761478915810585,0.0588540621101856,-0.4474084894139094,0.0016084712697193,"{'optimizer': 'RMSprop', 'lookback': 13, 'units': 8, 'dropout': 0.25890829600776727, 'lr': 0.00030130374948280004, 'batch': 8}",78.0,2.054446619317298,0.039932484880984775,,
fold4_search7_run4,7.0,4.0,RMSprop,48.0,0.1053213477134704,0.0845245495438575,-1.7689055191740324,0.0016084712697193,"{'optimizer': 'RMSprop', 'lookback': 13, 'units': 8, 'dropout': 0.25890829600776727, 'lr': 0.00030130374948280004, 'batch': 8}",78.0,3.4067194583602594,0.0006574866933684032,,
fold4_search7_run5,7.0,5.0,RMSprop,48.0,0.0837391167879104,0.0657077655196189,-0.7503790458265331,0.0016084712697193,"{'optimizer': 'RMSprop', 'lookback': 13, 'units': 8, 'dropout': 0.25890829600776727, 'lr': 0.00030130374948280004, 'batch': 8}",78.0,2.4719678814610133,0.013437158815843286,,
fold4_search7_run6,7.0,6.0,RMSprop,48.0,0.0676820501685142,0.0555290691554546,-0.1434636767504811,0.0016084712697193,"{'optimizer': 'RMSprop', 'lookback': 13, 'units': 8, 'dropout': 0.25890829600776727, 'lr': 0.00030130374948280004, 'batch': 8}",78.0,0.9109480256147872,0.36232275942113645,,
fold4_search7_run7,7.0,7.0,RMSprop,48.0,0.0711136162281036,0.0567740499973297,-0.262353027667239,0.0016084712697193,"{'optimizer': 'RMSprop', 'lookback': 13, 'units': 8, 'dropout': 0.25890829600776727, 'lr': 0.00030130374948280004, 'batch': 8}",78.0,1.6369033625269835,0.10165066324940697,,
fold4_search7_run8,7.0,8.0,RMSprop,48.0,0.0714468359947204,0.058064442127943,-0.2742109141987572,0.0016084712697193,"{'optimizer': 'RMSprop', 'lookback': 13, 'units': 8, 'dropout': 0.25890829600776727, 'lr': 0.00030130374948280004, 'batch': 8}",78.0,2.246385937156715,0.024679298307038966,,
fold4_search7_run9,7.0,9.0,RMSprop,48.0,0.0713355615735054,0.0547656007111072,-0.2702449946340812,0.0016084712697193,"{'optimizer': 'RMSprop', 'lookback': 13, 'units': 8, 'dropout': 0.25890829600776727, 'lr': 0.00030130374948280004, 'batch': 8}",78.0,2.5966492386521813,0.009413800117391347,,
fold4_search8_ens,8.0,,,,0.07105838937205394,0.05574863488991729,-0.2603932135729856,0.0021105939522385,"{'optimizer': 'Adam', 'lookback': 13, 'units': 32, 'dropout': 0.38762687583024186, 'lr': 0.000875551822690385, 'batch': 8}",,3.084070930860951,0.002041889067686098,Ensemble,True
fold4_search8_run1,8.0,1.0,Adam,48.0,0.0741797164082527,0.0562880225479602,-0.3735538285925537,0.0021105939522385,"{'optimizer': 'Adam', 'lookback': 13, 'units': 32, 'dropout': 0.38762687583024186, 'lr': 0.000875551822690385, 'batch': 8}",22.0,2.6787360837200707,0.007390061559328087,,
fold4_search8_run10,8.0,10.0,Adam,48.0,0.0755225047469139,0.0609572045505046,-0.4237315249638649,0.0021105939522385,"{'optimizer': 'Adam', 'lookback': 13, 'units': 32, 'dropout': 0.38762687583024186, 'lr': 0.000875551822690385, 'batch': 8}",22.0,2.3103881164697926,0.02086667640955242,,
fold4_search8_run2,8.0,2.0,Adam,48.0,0.0728301480412483,0.0545744784176349,-0.324029888346075,0.0021105939522385,"{'optimizer': 'Adam', 'lookback': 13, 'units': 32, 'dropout': 0.38762687583024186, 'lr': 0.000875551822690385, 'batch': 8}",22.0,2.08925402336913,0.036684862703260324,,
fold4_search8_run3,8.0,3.0,Adam,48.0,0.080128327012062,0.062071431428194,-0.6026825416789054,0.0021105939522385,"{'optimizer': 'Adam', 'lookback': 13, 'units': 32, 'dropout': 0.38762687583024186, 'lr': 0.000875551822690385, 'batch': 8}",22.0,3.3947363413252627,0.0006869472044011005,,
fold4_search8_run4,8.0,4.0,Adam,48.0,0.0818370059132576,0.0653989538550376,-0.6717634395271663,0.0021105939522385,"{'optimizer': 'Adam', 'lookback': 13, 'units': 32, 'dropout': 0.38762687583024186, 'lr': 0.000875551822690385, 'batch': 8}",22.0,3.0977412758057947,0.0019500158880980667,,
fold4_search8_run5,8.0,5.0,Adam,48.0,0.0751261785626411,0.0600426197052001,-0.4088279655149567,0.0021105939522385,"{'optimizer': 'Adam', 'lookback': 13, 'units': 32, 'dropout': 0.38762687583024186, 'lr': 0.000875551822690385, 'batch': 8}",22.0,2.3084545119541438,0.020973870067281464,,
fold4_search8_run6,8.0,6.0,Adam,48.0,0.0711389109492302,0.0558989234268665,-0.263251253729833,0.0021105939522385,"{'optimizer': 'Adam', 'lookback': 13, 'units': 32, 'dropout': 0.38762687583024186, 'lr': 0.000875551822690385, 'batch': 8}",22.0,1.8634507875758055,0.06239887024921775,,
fold4_search8_run7,8.0,7.0,Adam,48.0,0.0751935020089149,0.0593659617006778,-0.4113539366652423,0.0021105939522385,"{'optimizer': 'Adam', 'lookback': 13, 'units': 32, 'dropout': 0.38762687583024186, 'lr': 0.000875551822690385, 'batch': 8}",22.0,2.6999290316476006,0.006935426860947391,,
fold4_search8_run8,8.0,8.0,Adam,48.0,0.0891899317502975,0.0750838741660118,-0.9856695479035752,0.0021105939522385,"{'optimizer': 'Adam', 'lookback': 13, 'units': 32, 'dropout': 0.38762687583024186, 'lr': 0.000875551822690385, 'batch': 8}",22.0,4.426923053466811,9.55868109131508e-06,,
fold4_search8_run9,8.0,9.0,Adam,48.0,0.0814604982733726,0.064099870622158,-0.656416166462851,0.0021105939522385,"{'optimizer': 'Adam', 'lookback': 13, 'units': 32, 'dropout': 0.38762687583024186, 'lr': 0.000875551822690385, 'batch': 8}",22.0,2.5740456566123657,0.010051700800686403,,
fold4_search9_ens,9.0,,,,0.0760254409233906,0.0614354498938847,-0.28714211421320956,0.0026074436027556,"{'optimizer': 'Adam', 'lookback': 4, 'units': 16, 'dropout': 0.43954557504556774, 'lr': 0.000350362699921007, 'batch': 8}",,2.273252745303132,0.02301095341146797,Ensemble,True
fold4_search9_run1,9.0,1.0,Adam,57.0,0.0871698781847953,0.0713362768292427,-0.6921604962039545,0.0026074436027556,"{'optimizer': 'Adam', 'lookback': 4, 'units': 16, 'dropout': 0.43954557504556774, 'lr': 0.000350362699921007, 'batch': 8}",114.0,3.2365905220596867,0.0012096685321785206,,
fold4_search9_run10,9.0,10.0,Adam,57.0,0.0829891338944435,0.0674813389778137,-0.5337374834551858,0.0026074436027556,"{'optimizer': 'Adam', 'lookback': 4, 'units': 16, 'dropout': 0.43954557504556774, 'lr': 0.000350362699921007, 'batch': 8}",114.0,2.852411289134385,0.004338892113287418,,
fold4_search9_run2,9.0,2.0,Adam,57.0,0.0827976614236831,0.067492164671421,-0.5266685508367919,0.0026074436027556,"{'optimizer': 'Adam', 'lookback': 4, 'units': 16, 'dropout': 0.43954557504556774, 'lr': 0.000350362699921007, 'batch': 8}",114.0,2.779686530406239,0.005441139418461027,,
fold4_search9_run3,9.0,3.0,Adam,57.0,0.0777937546372413,0.0642531365156173,-0.3477150739930024,0.0026074436027556,"{'optimizer': 'Adam', 'lookback': 4, 'units': 16, 'dropout': 0.43954557504556774, 'lr': 0.000350362699921007, 'batch': 8}",114.0,2.3191884988350857,0.020384817811206934,,
fold4_search9_run4,9.0,4.0,Adam,57.0,0.0732245668768882,0.0577955655753612,-0.194049108672113,0.0026074436027556,"{'optimizer': 'Adam', 'lookback': 4, 'units': 16, 'dropout': 0.43954557504556774, 'lr': 0.000350362699921007, 'batch': 8}",114.0,1.8982716219196074,0.057660310224457056,,
fold4_search9_run5,9.0,5.0,Adam,57.0,0.0731760561466217,0.0574706606566906,-0.1924677278021538,0.0026074436027556,"{'optimizer': 'Adam', 'lookback': 4, 'units': 16, 'dropout': 0.43954557504556774, 'lr': 0.000350362699921007, 'batch': 8}",114.0,2.3812706701223076,0.017253029659735963,,
fold4_search9_run6,9.0,6.0,Adam,57.0,0.0780692547559738,0.0622421279549598,-0.3572774812950448,0.0026074436027556,"{'optimizer': 'Adam', 'lookback': 4, 'units': 16, 'dropout': 0.43954557504556774, 'lr': 0.000350362699921007, 'batch': 8}",114.0,2.1177695368981957,0.03419459045485462,,
fold4_search9_run7,9.0,7.0,Adam,57.0,0.0756890401244163,0.0606204979121685,-0.2757765122475024,0.0026074436027556,"{'optimizer': 'Adam', 'lookback': 4, 'units': 16, 'dropout': 0.43954557504556774, 'lr': 0.000350362699921007, 'batch': 8}",114.0,2.5889246709832534,0.009627615279465873,,
fold4_search9_run8,9.0,8.0,Adam,57.0,0.0794174149632453,0.066540353000164,-0.4045594643878578,0.0026074436027556,"{'optimizer': 'Adam', 'lookback': 4, 'units': 16, 'dropout': 0.43954557504556774, 'lr': 0.000350362699921007, 'batch': 8}",114.0,2.609029904618644,0.00907993070046631,,
fold4_search9_run9,9.0,9.0,Adam,57.0,0.0743396431207656,0.060193046927452,-0.2306922226560361,0.0026074436027556,"{'optimizer': 'Adam', 'lookback': 4, 'units': 16, 'dropout': 0.43954557504556774, 'lr': 0.000350362699921007, 'batch': 8}",114.0,2.347252825713953,0.018912416803654075,,
