date,mpe_qwen,mpe_nemo,mpe_qwen_t03,mpe_nemo_t03
2010-01-17,0.0,0.0,0.0,0.0
2010-01-24,0.09090909090909091,-0.2727272727272727,0.09090909090909091,-0.18181818181818182
2010-01-31,0.034482758620689655,-0.06896551724137931,0.034482758620689655,-0.06896551724137931
2010-02-07,0.0,-0.125,0.0,-0.0625
2010-02-14,0.0,0.0,0.0,0.0
2010-02-21,-0.08333333333333333,-0.3333333333333333,-0.25,-0.3333333333333333
2010-02-28,0.0,-0.4444444444444444,0.0,-0.4444444444444444
2010-03-07,-0.037037037037037035,-0.14814814814814814,-0.037037037037037035,-0.18518518518518517
2010-03-14,-0.0625,-0.0625,-0.0625,-0.0625
2010-03-21,0.08333333333333333,-0.2777777777777778,0.027777777777777776,-0.2222222222222222
2010-03-28,0.058823529411764705,-0.17647058823529413,0.08823529411764706,-0.11764705882352941
2010-04-04,0.0,-0.08695652173913043,0.0,-0.043478260869565216
2010-04-11,0.08,-0.12,0.0,-0.12
2010-04-18,0.0,0.0,0.0,0.0
2010-04-25,-0.05555555555555555,-0.1111111111111111,0.0,-0.16666666666666666
2010-05-02,-0.034482758620689655,-0.10344827586206896,-0.034482758620689655,-0.10344827586206896
2010-05-09,0.09523809523809523,0.09523809523809523,0.09523809523809523,0.0
2010-05-16,0.10256410256410256,-0.1794871794871795,0.1282051282051282,-0.20512820512820512
2010-05-23,0.13513513513513514,-0.05405405405405406,0.10810810810810811,-0.10810810810810811
2010-05-30,-0.125,-0.125,-0.125,-0.125
2010-06-06,0.07692307692307693,-0.07692307692307693,0.07692307692307693,-0.07692307692307693
2010-06-13,-0.02857142857142857,-0.17142857142857143,-0.02857142857142857,-0.11428571428571428
2010-06-20,-0.038461538461538464,-0.07692307692307693,-0.07692307692307693,-0.07692307692307693
2010-06-27,0.029411764705882353,-0.23529411764705882,-0.08823529411764706,-0.14705882352941177
2010-07-04,0.14705882352941177,-0.058823529411764705,0.14705882352941177,-0.058823529411764705
2010-07-11,-0.08695652173913043,-0.13043478260869565,-0.08695652173913043,-0.17391304347826086
2010-07-18,0.08695652173913043,0.08695652173913043,0.13043478260869565,0.08695652173913043
2010-07-25,0.3076923076923077,-0.07692307692307693,0.3076923076923077,-0.15384615384615385
2010-08-01,0.11627906976744186,-0.11627906976744186,0.11627906976744186,-0.023255813953488372
2010-08-08,0.14285714285714285,0.02857142857142857,0.14285714285714285,0.02857142857142857
2010-08-15,0.09375,-0.21875,0.0625,-0.140625
2010-08-22,0.07407407407407407,-0.2037037037037037,0.05555555555555555,-0.07407407407407407
2010-08-29,0.022727272727272728,-0.11363636363636363,0.022727272727272728,-0.045454545454545456
2010-09-05,-0.01639344262295082,-0.08196721311475409,-0.01639344262295082,-0.08196721311475409
2010-09-12,0.15,0.0,0.15,0.0
2010-09-19,0.0,-0.1,0.0,0.0
2010-09-26,0.09433962264150944,-0.16981132075471697,0.07547169811320754,-0.09433962264150944
2010-10-03,0.04878048780487805,-0.0975609756097561,0.04878048780487805,-0.14634146341463414
2010-10-10,-0.037037037037037035,-0.037037037037037035,0.1111111111111111,0.07407407407407407
2010-10-17,0.3684210526315789,-0.10526315789473684,0.3684210526315789,-0.10526315789473684
2010-10-24,0.07547169811320754,-0.20754716981132076,0.07547169811320754,-0.18867924528301888
2010-10-31,-0.08695652173913043,-0.21739130434782608,-0.08695652173913043,-0.21739130434782608
2010-11-07,0.2696629213483146,-0.21348314606741572,0.25842696629213485,-0.20224719101123595
2010-11-14,0.20512820512820512,-0.1282051282051282,0.10256410256410256,-0.10256410256410256
2010-11-21,0.0625,-0.15625,0.0625,-0.25
2010-11-28,0.16666666666666666,-0.20833333333333334,0.16666666666666666,-0.20833333333333334
2010-12-05,0.225,-0.05,0.225,0.025
2010-12-12,0.17142857142857143,-0.08571428571428572,0.14285714285714285,-0.05714285714285714
2010-12-19,-0.043478260869565216,-0.1956521739130435,-0.06521739130434782,-0.21739130434782608
2010-12-26,0.034482758620689655,-0.034482758620689655,0.034482758620689655,0.0
2011-01-02,0.0,-0.1388888888888889,0.0,-0.08333333333333333
2011-01-09,-0.07462686567164178,-0.19402985074626866,0.0,-0.16417910447761194
2011-01-16,-0.02564102564102564,-0.15384615384615385,-0.05128205128205128,-0.07692307692307693
2011-01-23,0.02631578947368421,-0.05263157894736842,0.02631578947368421,-0.05263157894736842
2011-01-30,0.04225352112676056,-0.11267605633802817,0.04225352112676056,-0.08450704225352113
2011-02-06,-0.05084745762711865,-0.13559322033898305,-0.05084745762711865,-0.0847457627118644
2011-02-13,0.08,-0.2,0.08,-0.2
2011-02-20,-0.045454545454545456,0.0,-0.045454545454545456,-0.045454545454545456
2011-02-27,0.16666666666666666,0.125,0.16666666666666666,0.08333333333333333
2011-03-06,0.028985507246376812,-0.11594202898550725,0.014492753623188406,-0.11594202898550725
2011-03-13,-0.05084745762711865,-0.15254237288135594,-0.05084745762711865,-0.0847457627118644
2011-03-20,-0.05263157894736842,-0.10526315789473684,-0.05263157894736842,-0.02631578947368421
2011-03-27,-0.03125,-0.1375,-0.03125,-0.0875
2011-04-03,-0.22857142857142856,-0.34285714285714286,-0.2571428571428571,-0.2571428571428571
2011-04-10,-0.022222222222222223,-0.044444444444444446,-0.022222222222222223,-0.044444444444444446
2011-04-17,-0.075,-0.15,-0.075,-0.125
2011-04-24,0.17777777777777778,-0.1111111111111111,0.17777777777777778,-0.1111111111111111
2011-05-01,-0.015873015873015872,-0.19047619047619047,0.015873015873015872,-0.1746031746031746
2011-05-08,-0.05555555555555555,-0.05555555555555555,-0.05555555555555555,-0.05555555555555555
2011-05-15,-0.15,-0.1,-0.05,-0.1
2011-05-22,0.05405405405405406,-0.02702702702702703,0.0,-0.04054054054054054
2011-05-29,0.0,-0.05405405405405406,0.0,-0.02702702702702703
2011-06-05,0.15,-0.016666666666666666,0.21666666666666667,-0.06666666666666667
2011-06-12,0.10112359550561797,-0.15730337078651685,0.0898876404494382,-0.0898876404494382
2011-06-19,0.0,-0.12048192771084337,0.012048192771084338,-0.0963855421686747
2011-06-26,0.08280254777070063,-0.1592356687898089,0.05732484076433121,-0.10828025477707007
2011-07-03,0.01282051282051282,-0.10256410256410256,0.02564102564102564,-0.1282051282051282
2011-07-10,-0.027777777777777776,-0.09259259259259259,-0.018518518518518517,-0.027777777777777776
2011-07-17,0.018604651162790697,-0.17674418604651163,0.004651162790697674,-0.17674418604651163
2011-07-24,0.0,-0.13930348258706468,0.014925373134328358,-0.0945273631840796
2011-07-31,-0.03048780487804878,-0.2073170731707317,-0.024390243902439025,-0.13414634146341464
2011-08-07,-0.008298755186721992,-0.2074688796680498,-0.016597510373443983,-0.13278008298755187
2011-08-14,0.13382899628252787,-0.15985130111524162,0.11152416356877323,-0.17472118959107807
2011-08-21,0.0,-0.192,-0.004,-0.18
2011-08-28,-0.024691358024691357,-0.20987654320987653,-0.01646090534979424,-0.16872427983539096
2011-09-04,0.09523809523809523,-0.13756613756613756,0.1164021164021164,-0.1111111111111111
2011-09-11,0.10526315789473684,-0.17105263157894737,0.07236842105263158,-0.11842105263157894
2011-09-18,0.08974358974358974,-0.14743589743589744,0.08974358974358974,-0.09615384615384616
2011-09-25,0.07058823529411765,-0.25882352941176473,0.03137254901960784,-0.21176470588235294
2011-10-02,0.03821656050955414,-0.12101910828025478,0.07006369426751592,-0.08917197452229299
2011-10-09,0.005988023952095809,-0.11976047904191617,0.03592814371257485,-0.08383233532934131
2011-10-16,0.014285714285714285,-0.20714285714285716,0.02142857142857143,-0.15
2011-10-23,0.013605442176870748,-0.1564625850340136,0.006802721088435374,-0.10204081632653061
2011-10-30,0.05952380952380952,-0.06547619047619048,0.06547619047619048,-0.06547619047619048
2011-11-06,0.07222222222222222,-0.16111111111111112,0.05,-0.09444444444444444
2011-11-13,-0.037383177570093455,-0.22429906542056074,-0.028037383177570093,-0.17757009345794392
2011-11-20,-0.020618556701030927,-0.18556701030927836,-0.010309278350515464,-0.16494845360824742
2011-11-27,0.043859649122807015,-0.14035087719298245,0.02631578947368421,-0.14035087719298245
2011-12-04,0.04242424242424243,-0.14545454545454545,0.06060606060606061,-0.10303030303030303
2011-12-11,0.02027027027027027,-0.14864864864864866,0.04054054054054054,-0.1554054054054054
2011-12-18,0.02877697841726619,-0.1366906474820144,0.03597122302158273,-0.1510791366906475
2011-12-25,0.046511627906976744,-0.05813953488372093,0.046511627906976744,-0.05813953488372093
2012-01-01,0.0,-0.1323529411764706,0.0,-0.17647058823529413
2012-01-08,0.037037037037037035,-0.14814814814814814,0.04938271604938271,-0.13580246913580246
2012-01-15,-0.024793388429752067,-0.03305785123966942,-0.024793388429752067,-0.04132231404958678
2012-01-22,0.038461538461538464,-0.1282051282051282,0.05128205128205128,-0.07692307692307693
2012-01-29,0.2222222222222222,-0.09941520467836257,0.2222222222222222,-0.0935672514619883
2012-02-05,0.0,-0.14393939393939395,-0.022727272727272728,-0.06060606060606061
2012-02-12,0.028037383177570093,-0.04672897196261682,0.018691588785046728,-0.037383177570093455
2012-02-19,0.031007751937984496,-0.14728682170542637,0.05426356589147287,-0.10077519379844961
2012-02-26,0.0,-0.19491525423728814,0.00847457627118644,-0.11016949152542373
2012-03-04,0.029585798816568046,-0.08284023668639054,0.023668639053254437,-0.09467455621301775
2012-03-11,0.07086614173228346,-0.07086614173228346,0.09448818897637795,-0.05511811023622047
2012-03-18,0.14482758620689656,-0.2413793103448276,0.13793103448275862,-0.1310344827586207
2012-03-25,0.053763440860215055,-0.053763440860215055,0.06451612903225806,-0.043010752688172046
2012-04-01,0.0873015873015873,-0.047619047619047616,0.09523809523809523,-0.047619047619047616
2012-04-08,0.13709677419354838,-0.16129032258064516,0.08064516129032258,-0.0967741935483871
2012-04-15,0.10101010101010101,-0.020202020202020204,0.10101010101010101,-0.020202020202020204
2012-04-22,0.008695652173913044,-0.043478260869565216,0.008695652173913044,-0.043478260869565216
2012-04-29,0.007633587786259542,-0.09923664122137404,0.007633587786259542,-0.061068702290076333
2012-05-06,-0.022727272727272728,-0.1590909090909091,0.0,-0.14772727272727273
2012-05-13,0.061224489795918366,-0.10204081632653061,0.030612244897959183,-0.10204081632653061
2012-05-20,0.0457516339869281,-0.10457516339869281,0.0392156862745098,-0.0784313725490196
2012-05-27,0.024691358024691357,-0.17901234567901234,0.043209876543209874,-0.08641975308641975
2012-06-03,0.10236220472440945,-0.07874015748031496,0.1062992125984252,-0.09448818897637795
2012-06-10,0.061016949152542375,-0.1694915254237288,0.0711864406779661,-0.1423728813559322
2012-06-17,0.005050505050505051,-0.12121212121212122,-0.015151515151515152,-0.09595959595959595
2012-06-24,0.11923076923076924,-0.15384615384615385,0.12692307692307692,-0.15384615384615385
2012-07-01,0.12878787878787878,-0.11363636363636363,0.13636363636363635,-0.09848484848484848
2012-07-08,0.059322033898305086,-0.1016949152542373,0.05084745762711865,-0.09322033898305085
2012-07-15,0.11578947368421053,-0.25263157894736843,0.08421052631578947,-0.18947368421052632
2012-07-22,0.028846153846153848,-0.10576923076923077,0.028846153846153848,-0.125
2012-07-29,0.06796116504854369,-0.1262135922330097,0.06796116504854369,-0.1262135922330097
2012-08-05,-0.013605442176870748,-0.12244897959183673,0.04081632653061224,-0.21768707482993196
2012-08-12,0.05263157894736842,-0.11578947368421053,0.05263157894736842,-0.10526315789473684
2012-08-19,0.08641975308641975,-0.07407407407407407,0.08641975308641975,-0.08641975308641975
2012-08-26,0.1,-0.21818181818181817,0.10909090909090909,-0.16363636363636364
2012-09-02,0.18181818181818182,-0.1048951048951049,0.1888111888111888,-0.06993006993006994
2012-09-09,0.3118279569892473,-0.13978494623655913,0.22580645161290322,-0.10752688172043011
2012-09-16,0.24242424242424243,-0.19913419913419914,0.22943722943722944,-0.19913419913419914
2012-09-23,0.17592592592592593,-0.14814814814814814,0.16666666666666666,-0.12962962962962962
2012-09-30,0.29914529914529914,-0.11965811965811966,0.23931623931623933,-0.05128205128205128
2012-10-07,0.06201550387596899,-0.12403100775193798,0.09302325581395349,-0.06201550387596899
2012-10-14,0.04838709677419355,-0.1774193548387097,0.04838709677419355,-0.20161290322580644
2012-10-21,0.06349206349206349,-0.18253968253968253,0.06349206349206349,-0.1349206349206349
2012-10-28,0.07142857142857142,-0.16964285714285715,0.08035714285714286,-0.125
2012-11-04,0.04081632653061224,-0.10204081632653061,0.07142857142857142,-0.05102040816326531
2012-11-11,0.025,-0.075,0.05,-0.025
2012-11-18,0.010869565217391304,-0.09782608695652174,0.03260869565217391,-0.08695652173913043
2012-11-25,0.0,-0.03278688524590164,0.0,-0.01639344262295082
2012-12-02,-0.045454545454545456,-0.14772727272727273,-0.045454545454545456,-0.11363636363636363
2012-12-09,0.03418803418803419,-0.09401709401709402,0.03418803418803419,-0.042735042735042736
2012-12-16,0.09090909090909091,-0.11688311688311688,0.09090909090909091,-0.11255411255411256
2012-12-23,0.009345794392523364,-0.037383177570093455,0.009345794392523364,-0.056074766355140186
2012-12-30,0.017241379310344827,-0.09482758620689655,0.017241379310344827,-0.0603448275862069
2013-01-06,0.03636363636363636,-0.1393939393939394,0.030303030303030304,-0.09090909090909091
2013-01-13,0.013157894736842105,-0.05921052631578947,0.03289473684210526,-0.07894736842105263
2013-01-20,0.006896551724137931,-0.04827586206896552,0.013793103448275862,-0.027586206896551724
2013-01-27,-0.014184397163120567,-0.12056737588652482,-0.02127659574468085,-0.07092198581560284
2013-02-03,0.0718232044198895,-0.14917127071823205,0.07734806629834254,-0.10497237569060773
2013-02-10,0.03424657534246575,-0.07534246575342465,0.0273972602739726,-0.0547945205479452
2013-02-17,0.010752688172043012,-0.021505376344086023,0.010752688172043012,-0.06451612903225806
2013-02-24,-0.006578947368421052,-0.09868421052631579,0.006578947368421052,-0.09868421052631579
2013-03-03,0.05581395348837209,-0.08372093023255814,0.046511627906976744,-0.07441860465116279
2013-03-10,0.04693140794223827,-0.09747292418772563,0.06498194945848375,-0.04693140794223827
2013-03-17,0.014705882352941176,-0.08088235294117647,0.014705882352941176,-0.07352941176470588
2013-03-24,0.0423728813559322,-0.13135593220338984,0.0635593220338983,-0.0847457627118644
2013-03-31,0.07792207792207792,-0.11688311688311688,0.0735930735930736,-0.08225108225108226
2013-04-07,-0.05970149253731343,-0.14925373134328357,-0.018656716417910446,-0.16417910447761194
2013-04-14,0.09170305676855896,-0.0611353711790393,0.10043668122270742,-0.039301310043668124
2013-04-21,0.027777777777777776,-0.0992063492063492,0.051587301587301584,-0.027777777777777776
2013-04-28,0.07751937984496124,-0.10852713178294573,0.07751937984496124,-0.10465116279069768
2013-05-05,0.10173697270471464,-0.13895781637717122,0.07692307692307693,-0.08188585607940446
2013-05-12,0.17857142857142858,-0.125,0.175,-0.1392857142857143
2013-05-19,0.027855153203342618,-0.116991643454039,0.025069637883008356,-0.10584958217270195
2013-05-26,0.043478260869565216,-0.11956521739130435,0.05434782608695652,-0.1108695652173913
2013-06-02,0.025806451612903226,-0.11290322580645161,0.00967741935483871,-0.06774193548387097
2013-06-09,0.04885057471264368,-0.07471264367816093,0.04597701149425287,-0.07471264367816093
2013-06-16,0.03409090909090909,-0.11363636363636363,0.041666666666666664,-0.10227272727272728
2013-06-23,-0.04566929133858268,-0.2283464566929134,-0.031496062992125984,-0.2015748031496063
2013-06-30,0.007142857142857143,-0.16666666666666666,0.02857142857142857,-0.12380952380952381
2013-07-07,0.023936170212765957,-0.07446808510638298,0.02127659574468085,-0.06648936170212766
2013-07-14,0.007832898172323759,-0.1279373368146214,0.007832898172323759,-0.13054830287206268
2013-07-21,0.02666666666666667,-0.12266666666666666,0.029333333333333333,-0.10933333333333334
2013-07-28,-0.00975609756097561,-0.08292682926829269,-0.01951219512195122,-0.06341463414634146
2013-08-04,0.017857142857142856,-0.09375,0.026785714285714284,-0.07142857142857142
2013-08-11,0.0,-0.10606060606060606,0.010101010101010102,-0.09595959595959595
2013-08-18,-0.012875536480686695,-0.0944206008583691,-0.012875536480686695,-0.0815450643776824
2013-08-25,-0.03663003663003663,-0.13186813186813187,-0.03663003663003663,-0.14652014652014653
2013-09-01,0.03017241379310345,-0.09482758620689655,0.021551724137931036,-0.04741379310344827
2013-09-08,0.049132947976878616,-0.08092485549132948,0.049132947976878616,-0.03757225433526012
2013-09-15,0.02356902356902357,-0.13804713804713806,0.026936026936026935,-0.06397306397306397
2013-09-22,0.07183364839319471,-0.13988657844990549,0.10207939508506617,-0.09640831758034027
2013-09-29,-0.01090909090909091,-0.10909090909090909,0.007272727272727273,-0.11636363636363636
2013-10-06,0.008450704225352112,-0.056338028169014086,0.011267605633802818,-0.030985915492957747
2013-10-13,0.05134474327628362,-0.06356968215158924,0.05378973105134474,-0.061124694376528114
2013-10-20,0.08536585365853659,-0.057926829268292686,0.07317073170731707,-0.027439024390243903
2013-10-27,0.08050847457627118,-0.0423728813559322,0.1016949152542373,-0.09745762711864407
2013-11-03,0.0,-0.11602209944751381,0.027624309392265192,-0.08839779005524862
2013-11-10,0.07977207977207977,-0.06552706552706553,0.07977207977207977,-0.05982905982905983
2013-11-17,0.11180124223602485,-0.15527950310559005,0.16149068322981366,-0.09316770186335403
2013-11-24,-0.03617571059431524,-0.23255813953488372,-0.028423772609819122,-0.2041343669250646
2013-12-01,0.012987012987012988,-0.12121212121212122,0.012987012987012988,-0.047619047619047616
2013-12-08,0.04408817635270541,-0.08016032064128256,0.04408817635270541,-0.06813627254509018
2013-12-15,0.011961722488038277,-0.11244019138755981,0.009569377990430622,-0.08373205741626795
2013-12-22,0.0421216848673947,-0.14508580343213728,0.031201248049921998,-0.12792511700468018
2013-12-29,-0.040697674418604654,-0.16279069767441862,-0.046511627906976744,-0.12209302325581395
2014-01-05,0.06666666666666667,-0.07555555555555556,0.07111111111111111,-0.057777777777777775
2014-01-12,0.0175054704595186,-0.1050328227571116,0.019693654266958426,-0.07221006564551423
2014-01-19,-0.016574585635359115,-0.12154696132596685,-0.022099447513812154,-0.0856353591160221
2014-01-26,0.03133903133903134,-0.06837606837606838,0.03418803418803419,-0.07407407407407407
2014-02-02,-0.06870229007633588,-0.19274809160305342,-0.06870229007633588,-0.1736641221374046
2014-02-09,-0.0023752969121140144,-0.08788598574821853,0.011876484560570071,-0.0997624703087886
2014-02-16,0.030226700251889168,-0.0982367758186398,0.030226700251889168,-0.07304785894206549
2014-02-23,-0.015151515151515152,-0.11363636363636363,-0.020202020202020204,-0.10353535353535354
2014-03-02,0.045563549160671464,-0.09832134292565947,0.04316546762589928,-0.0671462829736211
2014-03-09,-0.0020161290322580645,-0.08266129032258064,-0.004032258064516129,-0.04838709677419355
2014-03-16,0.0028089887640449437,-0.08707865168539326,0.033707865168539325,-0.06179775280898876
2014-03-23,-0.00644122383252818,-0.12238325281803543,-0.00966183574879227,-0.10950080515297907
2014-03-30,0.02891566265060241,-0.0746987951807229,0.033734939759036145,-0.07228915662650602
2014-04-06,0.0405982905982906,-0.04487179487179487,0.04700854700854701,-0.019230769230769232
2014-04-13,0.0472636815920398,-0.11194029850746269,0.05970149253731343,-0.09950248756218906
2014-04-20,0.012578616352201259,-0.12578616352201258,0.009433962264150943,-0.11320754716981132
2014-04-27,-0.01048951048951049,-0.07692307692307693,-0.01048951048951049,-0.04895104895104895
2014-05-04,0.018083182640144666,-0.12839059674502712,0.02531645569620253,-0.11211573236889692
2014-05-11,0.02127659574468085,-0.06619385342789598,0.026004728132387706,-0.054373522458628844
2014-05-18,0.0234375,-0.109375,0.0234375,-0.07552083333333333
2014-05-25,0.02168021680216802,-0.11924119241192412,0.02710027100271003,-0.11924119241192412
2014-06-01,0.01834862385321101,-0.14067278287461774,0.021406727828746176,-0.09480122324159021
2014-06-08,0.09018036072144289,-0.07414829659318638,0.08817635270541083,-0.04408817635270541
2014-06-15,-0.00819672131147541,-0.05737704918032787,-0.036885245901639344,-0.03278688524590164
2014-06-22,-0.0400890868596882,-0.20935412026726058,-0.024498886414253896,-0.14253897550111358
2014-06-29,-0.01791044776119403,-0.12835820895522387,-0.03582089552238806,-0.10149253731343283
2014-07-06,0.005865102639296188,-0.07917888563049853,0.008797653958944282,-0.07917888563049853
2014-07-13,0.0182370820668693,-0.2006079027355623,0.0364741641337386,-0.14893617021276595
2014-07-20,-0.03167420814479638,-0.1583710407239819,-0.03167420814479638,-0.12669683257918551
2014-07-27,0.028688524590163935,-0.15163934426229508,0.040983606557377046,-0.10245901639344263
2014-08-03,-0.016913319238900635,-0.16913319238900634,-0.02959830866807611,-0.1522198731501057
2014-08-10,-0.003952569169960474,-0.13438735177865613,-0.007905138339920948,-0.09881422924901186
2014-08-17,0.02181818181818182,-0.04,0.01818181818181818,-0.02181818181818182
2014-08-24,-0.07267441860465117,-0.17732558139534885,-0.07267441860465117,-0.1569767441860465
2014-08-31,0.04081632653061224,-0.12653061224489795,0.004081632653061225,-0.09795918367346938
2014-09-07,0.08970099667774087,0.029900332225913623,0.08637873754152824,0.046511627906976744
2014-09-14,-0.0136986301369863,-0.07534246575342465,-0.00684931506849315,-0.06164383561643835
2014-09-21,0.05060728744939271,-0.17813765182186234,0.03441295546558704,-0.18016194331983806
2014-09-28,0.0364963503649635,-0.08759124087591241,0.040145985401459854,-0.04744525547445255
2014-10-05,0.018,-0.068,0.018,-0.032
2014-10-12,0.06862745098039216,-0.15931372549019607,0.07598039215686274,-0.1053921568627451
2014-10-19,0.045454545454545456,-0.09090909090909091,0.05965909090909091,-0.03409090909090909
2014-10-26,0.0,-0.08532423208191127,0.010238907849829351,-0.07849829351535836
2014-11-02,0.08658008658008658,-0.11255411255411256,0.08874458874458875,-0.03463203463203463
2014-11-09,0.029023746701846966,-0.079155672823219,0.029023746701846966,-0.0870712401055409
2014-11-16,-0.047619047619047616,-0.17063492063492064,-0.03968253968253968,-0.1865079365079365
2014-11-23,0.0166270783847981,-0.14928909952606634,0.011848341232227487,-0.14454976303317535
2014-11-30,0.05105105105105105,-0.05405405405405406,0.04804804804804805,-0.015015015015015015
2014-12-07,0.04390243902439024,-0.13902439024390245,0.05121951219512195,-0.10975609756097561
2014-12-14,0.0,-0.0748663101604278,0.0,-0.058823529411764705
2014-12-21,0.01858736059479554,-0.21933085501858737,0.022304832713754646,-0.13940520446096655
2014-12-28,-0.0056179775280898875,-0.11235955056179775,0.0056179775280898875,-0.08426966292134831
2015-01-04,-0.022388059701492536,-0.12686567164179105,0.0,-0.13432835820895522
2015-01-11,0.03482587064676617,-0.08706467661691543,0.05223880597014925,-0.07960199004975124
2015-01-18,0.05747126436781609,-0.07183908045977011,0.05172413793103448,-0.031609195402298854
2015-01-25,-0.01466275659824047,-0.06744868035190615,-0.03519061583577713,-0.005865102639296188
2015-02-01,0.022573363431151242,-0.15349887133182843,0.01805869074492099,-0.15575620767494355
2015-02-08,0.03293413173652695,-0.1317365269461078,0.03293413173652695,-0.10479041916167664
2015-02-15,0.03187250996015936,-0.11952191235059761,0.03187250996015936,-0.10358565737051793
2015-02-22,0.04132231404958678,-0.06611570247933884,0.03856749311294766,-0.06611570247933884
2015-03-01,0.0868421052631579,-0.12894736842105264,0.09210526315789473,-0.07631578947368421
2015-03-08,0.0023752969121140144,-0.15676959619952494,-0.007125890736342043,-0.14726840855106887
2015-03-15,-0.034358047016274866,-0.14285714285714285,-0.034358047016274866,-0.09403254972875226
2015-03-22,0.015625,-0.1259765625,0.021484375,-0.1015625
2015-03-29,-0.02956298200514139,-0.14652956298200515,-0.02570694087403599,-0.10539845758354756
2015-04-05,0.056164383561643834,-0.06027397260273973,0.0547945205479452,-0.031506849315068496
2015-04-12,0.034383954154727794,-0.07879656160458452,0.03151862464183381,-0.0673352435530086
2015-04-19,0.006887052341597796,-0.09228650137741047,0.005509641873278237,-0.05647382920110193
2015-04-26,0.014109347442680775,-0.07760141093474426,0.008818342151675485,-0.04409171075837742
2015-05-03,0.037825059101654845,-0.10756501182033097,0.0508274231678487,-0.061465721040189124
2015-05-10,0.011730205278592375,-0.08504398826979472,0.01466275659824047,-0.04985337243401759
2015-05-17,0.0,-0.1140495867768595,0.003305785123966942,-0.07768595041322314
2015-05-24,0.040446304044630406,-0.09344490934449093,0.040446304044630406,-0.08647140864714087
2015-05-31,-0.001564945226917058,-0.057902973395931145,-0.009389671361502348,-0.0594679186228482
2015-06-07,0.011889035667107,-0.07397622192866579,0.0066050198150594455,-0.0488771466314399
2015-06-14,-0.0065252854812398045,-0.08482871125611746,-0.004893964110929853,-0.08809135399673736
2015-06-21,-0.024721878862793572,-0.13102595797280595,-0.011124845488257108,-0.1100123609394314
2015-06-28,0.012698412698412698,-0.06666666666666667,0.014285714285714285,-0.06349206349206349
2015-07-05,0.037953795379537955,-0.052805280528052806,0.034653465346534656,-0.037953795379537955
2015-07-12,-0.0028694404591104736,-0.0975609756097561,-0.007173601147776184,-0.06456241032998565
2015-07-19,-0.0035460992907801418,-0.04964539007092199,0.0,-0.03900709219858156
2015-07-26,-0.015909090909090907,-0.1340909090909091,-0.015909090909090907,-0.08409090909090909
2015-08-02,0.03787878787878788,-0.13787878787878788,0.031818181818181815,-0.09696969696969697
2015-08-09,-0.005504587155963303,-0.09724770642201835,0.0,-0.06605504587155964
2015-08-16,-0.008960573476702509,-0.11469534050179211,0.03225806451612903,-0.1111111111111111
2015-08-23,-0.02040816326530612,-0.13343799058084774,-0.03139717425431711,-0.11145996860282574
2015-08-30,0.07471264367816093,-0.13218390804597702,0.07471264367816093,-0.15373563218390804
2015-09-06,0.025718608169440244,-0.12708018154311648,0.01059001512859304,-0.11346444780635401
2015-09-13,0.0,-0.09939148073022312,0.002028397565922921,-0.06288032454361055
2015-09-20,0.042352941176470586,-0.17647058823529413,0.042352941176470586,-0.17058823529411765
2015-09-27,-0.023809523809523808,-0.16666666666666666,-0.02197802197802198,-0.13186813186813187
2015-10-04,-0.015267175572519083,-0.15521628498727735,-0.019083969465648856,-0.13231552162849872
2015-10-11,0.02266666666666667,-0.16133333333333333,0.012,-0.13066666666666665
2015-10-18,0.049723756906077346,-0.09023941068139964,0.0570902394106814,-0.06261510128913444
2015-10-25,0.004201680672268907,-0.06722689075630252,0.004201680672268907,-0.07142857142857142
2015-11-01,0.0029985007496251873,-0.13793103448275862,0.0014992503748125937,-0.11394302848575712
2015-11-08,-0.054365733113673806,-0.1400329489291598,-0.060955518945634266,-0.1301482701812191
2015-11-15,-0.055077452667814115,-0.12392426850258176,-0.058519793459552494,-0.1153184165232358
2015-11-22,-0.01056338028169014,-0.1602112676056338,-0.01584507042253521,-0.125
2015-11-29,-0.0022222222222222222,-0.1,-0.011111111111111112,-0.07555555555555556
2015-12-06,-0.03070175438596491,-0.2046783625730994,-0.049707602339181284,-0.16812865497076024
2015-12-13,-0.09151414309484193,-0.16306156405990016,-0.064891846921797,-0.15973377703826955
2015-12-20,-0.06284658040665435,-0.26709796672828096,-0.06377079482439926,-0.23937153419593346
2015-12-27,0.0030959752321981426,-0.06191950464396285,-0.0030959752321981426,-0.03715170278637771
2016-01-03,-0.016286644951140065,-0.08469055374592833,-0.009771986970684038,-0.05863192182410423
2016-01-10,-0.05745062836624776,-0.1400359066427289,-0.05206463195691203,-0.10951526032315978
2016-01-17,0.003883495145631068,-0.0854368932038835,0.001941747572815534,-0.09902912621359224
2016-01-24,0.03624733475479744,-0.046908315565031986,0.03411513859275053,-0.031982942430703626
2016-01-31,0.0734375,-0.1484375,0.0734375,-0.103125
2016-02-07,0.04725609756097561,-0.14176829268292682,0.056402439024390245,-0.10213414634146341
2016-02-14,0.03529411764705882,-0.21323529411764705,0.03529411764705882,-0.1676470588235294
2016-02-21,0.06920415224913495,-0.11937716262975778,0.07958477508650519,-0.10207612456747404
2016-02-28,-0.014141414141414142,-0.14343434343434344,-0.012121212121212121,-0.12525252525252525
2016-03-06,0.020202020202020204,-0.10437710437710437,0.025252525252525252,-0.10774410774410774
2016-03-13,0.016363636363636365,-0.06909090909090909,0.007272727272727273,-0.06181818181818182
2016-03-20,0.11051930758988016,-0.11584553928095873,0.08921438082556592,-0.10252996005326231
2016-03-27,-0.021897810218978103,-0.1332116788321168,-0.012773722627737226,-0.10948905109489052
2016-04-03,0.17310443490701002,-0.1473533619456366,0.1659513590844063,-0.1473533619456366
2016-04-10,0.12682926829268293,-0.3097560975609756,0.11707317073170732,-0.25365853658536586
2016-04-17,0.14285714285714285,-0.30124223602484473,0.024844720496894408,-0.2732919254658385
2016-04-24,0.17316017316017315,-0.1471861471861472,0.1774891774891775,-0.09090909090909091
2016-05-01,0.015521064301552107,-0.31263858093126384,0.031042128603104215,-0.21729490022172948
2016-05-08,0.05741626794258373,-0.18660287081339713,0.06220095693779904,-0.16267942583732056
2016-05-15,0.04564315352697095,-0.26556016597510373,0.04979253112033195,-0.21161825726141079
2016-05-22,-0.02575107296137339,-0.37339055793991416,-0.03862660944206009,-0.31759656652360513
2016-05-29,-0.050590219224283306,-0.2175379426644182,-0.04384485666104553,-0.17200674536256325
2016-06-05,-0.018518518518518517,-0.20202020202020202,-0.03535353535353535,-0.18013468013468015
2016-06-12,0.034161490683229816,-0.2236024844720497,0.040372670807453416,-0.18944099378881987
2016-06-19,0.04599659284497445,-0.15843270868824533,0.015332197614991482,-0.1362862010221465
2016-06-26,0.024734982332155476,-0.08657243816254417,0.024734982332155476,-0.04770318021201413
2016-07-03,0.04449152542372881,-0.006355932203389831,0.04025423728813559,-0.019067796610169493
2016-07-10,0.008944543828264758,-0.09481216457960644,0.008944543828264758,-0.06797853309481217
2016-07-17,0.05555555555555555,-0.1039426523297491,0.053763440860215055,-0.08781362007168458
2016-07-24,-0.007177033492822967,-0.0645933014354067,-0.009569377990430622,-0.028708133971291867
2016-07-31,0.08775510204081632,-0.1306122448979592,0.08979591836734693,-0.08979591836734693
2016-08-07,0.029914529914529916,-0.09615384615384616,0.023504273504273504,-0.09615384615384616
2016-08-14,-0.032407407407407406,-0.1111111111111111,-0.041666666666666664,-0.06481481481481481
2016-08-21,-0.0371900826446281,-0.2066115702479339,-0.06611570247933884,-0.24380165289256198
2016-08-28,-0.02108433734939759,-0.2891566265060241,-0.02710843373493976,-0.25903614457831325
2016-09-04,0.007547169811320755,-0.37358490566037733,-0.09811320754716982,-0.2981132075471698
2016-09-11,0.061224489795918366,-0.20816326530612245,0.024489795918367346,-0.14285714285714285
2016-09-18,0.0028149190710767065,-0.09007741027445461,0.01688951442646024,-0.07248416608022519
2016-09-25,0.035253980288097043,-0.05269143290371493,0.035253980288097043,-0.0356330553449583
2016-10-02,0.0043859649122807015,-0.24561403508771928,-0.017543859649122806,-0.2149122807017544
2016-10-09,-0.0078125,-0.1171875,-0.015625,-0.1171875
2016-10-16,-0.09550561797752809,-0.19662921348314608,-0.028089887640449437,-0.16292134831460675
2016-10-23,0.031496062992125984,-0.09448818897637795,0.031496062992125984,-0.06299212598425197
2016-10-30,-0.18085106382978725,-0.30851063829787234,-0.11702127659574468,-0.2553191489361702
2016-11-06,-0.0446927374301676,-0.22905027932960895,-0.05027932960893855,-0.2011173184357542
2016-11-13,-0.04790419161676647,-0.08982035928143713,-0.041916167664670656,-0.0658682634730539
2016-11-20,-0.1893939393939394,-0.26515151515151514,-0.1893939393939394,-0.20454545454545456
2016-11-27,-0.21348314606741572,-0.3595505617977528,0.0,-0.24719101123595505
2016-12-04,-0.05,-0.29,-0.02,-0.19
2016-12-11,-0.08450704225352113,-0.1267605633802817,-0.08450704225352113,-0.09859154929577464
2016-12-18,-0.18146718146718147,-0.37065637065637064,-0.2084942084942085,-0.3127413127413127
2016-12-25,-0.012658227848101266,-0.1518987341772152,-0.012658227848101266,-0.12658227848101267
2017-01-01,0.0392156862745098,0.0,0.058823529411764705,-0.0392156862745098
2017-01-08,-0.041379310344827586,-0.2,-0.06206896551724138,-0.15172413793103448
2017-01-15,-0.11428571428571428,-0.2,-0.11428571428571428,-0.14285714285714285
2017-01-22,0.0,-0.21153846153846154,0.0,-0.1346153846153846
2017-01-29,-0.023809523809523808,-0.2619047619047619,-0.023809523809523808,-0.14285714285714285
2017-02-05,-0.046511627906976744,-0.08139534883720931,-0.046511627906976744,-0.05813953488372093
2017-02-12,0.014492753623188406,-0.057971014492753624,0.014492753623188406,-0.10144927536231885
2017-02-19,-0.18181818181818182,-0.5113636363636364,-0.17045454545454544,-0.4431818181818182
2017-02-26,-0.1686746987951807,-0.3132530120481928,-0.1686746987951807,-0.2289156626506024
2017-03-05,-0.25,-0.49,-0.27,-0.48
2017-03-12,-0.13178294573643412,-0.29457364341085274,-0.16279069767441862,-0.24806201550387597
2017-03-19,-0.28695652173913044,-0.40869565217391307,-0.33043478260869563,-0.4608695652173913
2017-03-26,-0.17647058823529413,-0.25,-0.17647058823529413,-0.23529411764705882
2017-04-02,-0.19101123595505617,-0.4157303370786517,-0.19101123595505617,-0.449438202247191
2017-04-09,0.008620689655172414,-0.3448275862068966,-0.034482758620689655,-0.28448275862068967
2017-04-16,0.10294117647058823,-0.1323529411764706,0.029411764705882353,-0.10294117647058823
2017-04-23,0.0,-0.18518518518518517,0.0,-0.09259259259259259
2017-04-30,-0.041666666666666664,-0.10416666666666667,0.0,-0.0625
2017-05-07,-0.011904761904761904,-0.2261904761904762,-0.011904761904761904,-0.15476190476190477
2017-05-14,0.0,-0.16666666666666666,0.0,-0.1
2017-05-21,-0.08888888888888889,-0.24444444444444444,-0.08888888888888889,-0.26666666666666666
2017-05-28,-0.009523809523809525,-0.1523809523809524,-0.009523809523809525,-0.20952380952380953
2017-06-04,0.1414141414141414,-0.12121212121212122,0.1414141414141414,-0.1111111111111111
2017-06-11,0.014925373134328358,-0.11940298507462686,0.029850746268656716,-0.07462686567164178
2017-06-18,-0.017094017094017096,-0.37606837606837606,-0.05128205128205128,-0.3162393162393162
2017-06-25,-0.08823529411764706,-0.2647058823529412,-0.07352941176470588,-0.19117647058823528
2017-07-02,-0.021052631578947368,-0.23157894736842105,-0.010526315789473684,-0.22105263157894736
2017-07-09,-0.14285714285714285,-0.3523809523809524,-0.14285714285714285,-0.26666666666666666
2017-07-16,-0.05263157894736842,-0.34210526315789475,-0.05263157894736842,-0.2543859649122807
2017-07-23,0.12244897959183673,-0.10204081632653061,0.0,-0.20408163265306123
2017-07-30,0.0,-0.24324324324324326,0.04504504504504504,-0.1981981981981982
2017-08-06,0.027777777777777776,-0.20833333333333334,0.027777777777777776,-0.16666666666666666
2017-08-13,-0.046875,-0.140625,-0.09375,-0.28125
2017-08-20,-0.14432989690721648,-0.3402061855670103,-0.14432989690721648,-0.36082474226804123
2017-08-27,0.015384615384615385,-0.1076923076923077,0.015384615384615385,-0.09230769230769231
2017-09-03,-0.024,-0.144,-0.024,-0.112
2017-09-10,-0.02127659574468085,-0.19148936170212766,-0.02127659574468085,-0.0851063829787234
2017-09-17,0.0,0.0,0.0,0.0
2017-09-24,0.13043478260869565,-0.08695652173913043,0.13043478260869565,-0.21739130434782608
2017-10-01,0.16,-0.04,0.16,-0.04
2017-10-08,0.06666666666666667,-0.2,0.06666666666666667,-0.13333333333333333
2017-10-15,-0.03225806451612903,-0.0967741935483871,-0.03225806451612903,-0.03225806451612903
2017-10-22,0.0,0.0,0.0,0.0
2017-10-29,0.0,0.0,0.0,0.0
2017-11-05,-0.02631578947368421,-0.2894736842105263,-0.02631578947368421,-0.2631578947368421
2017-11-12,0.0,-0.5,0.0,-0.25
2017-11-19,0.0,0.0,0.0,-0.2222222222222222
2017-11-26,0.0,0.0,0.0,0.0
2017-12-03,0.11428571428571428,-0.17142857142857143,0.11428571428571428,-0.14285714285714285
2017-12-10,0.0,-0.07692307692307693,0.0,0.0
2017-12-17,0.0,-0.08695652173913043,0.0,-0.043478260869565216
2017-12-24,0.25,0.0,0.25,0.0
2017-12-31,0.0,0.0,0.0,0.0
2018-01-07,-0.29850746268656714,-0.43283582089552236,-0.29850746268656714,-0.373134328358209
2018-01-14,-0.043478260869565216,-0.43478260869565216,-0.08695652173913043,-0.2608695652173913
2018-01-21,0.21794871794871795,-0.10256410256410256,0.21794871794871795,-0.11538461538461539
2018-01-28,0.0,-0.5454545454545454,0.015151515151515152,-0.5909090909090909
2018-02-04,0.022222222222222223,-0.16666666666666666,0.022222222222222223,-0.18888888888888888
2018-02-11,-0.029850746268656716,-0.16417910447761194,-0.029850746268656716,-0.19402985074626866
2018-02-18,-0.05555555555555555,-0.2,-0.05555555555555555,-0.18888888888888888
2018-02-25,-0.475,-0.5625,-0.4375,-0.575
2018-03-04,-0.035398230088495575,-0.3185840707964602,-0.02654867256637168,-0.3008849557522124
2018-03-11,-0.12121212121212122,-0.2727272727272727,-0.12121212121212122,-0.2828282828282828
2018-03-18,-0.009433962264150943,-0.19811320754716982,-0.009433962264150943,-0.12264150943396226
2018-03-25,-0.2971014492753623,-0.5144927536231884,-0.2753623188405797,-0.5362318840579711
2018-04-01,-0.13793103448275862,-0.20689655172413793,-0.13793103448275862,-0.3103448275862069
2018-04-08,0.0,-0.22807017543859648,-0.09649122807017543,-0.30701754385964913
2018-04-15,-0.01694915254237288,-0.2033898305084746,-0.01694915254237288,-0.1864406779661017
2018-04-22,0.0,-0.17543859649122806,-0.017543859649122806,-0.21052631578947367
2018-04-29,-0.06779661016949153,-0.13559322033898305,-0.05084745762711865,-0.13559322033898305
2018-05-06,-0.11827956989247312,-0.23655913978494625,-0.11827956989247312,-0.22580645161290322
2018-05-13,-0.06349206349206349,-0.12698412698412698,-0.06349206349206349,-0.20634920634920634
2018-05-20,-0.08823529411764706,-0.25,-0.08823529411764706,-0.1323529411764706
2018-05-27,0.04,-0.2,0.04,-0.36
2018-06-03,-0.10714285714285714,-0.26785714285714285,-0.09821428571428571,-0.25
2018-06-10,0.0,-0.23529411764705882,0.0,-0.23529411764705882
2018-06-17,-0.10091743119266056,-0.30275229357798167,-0.08256880733944955,-0.3119266055045872
2018-06-24,-0.10344827586206896,-0.1896551724137931,-0.10344827586206896,-0.20689655172413793
2018-07-01,-0.020202020202020204,-0.08080808080808081,-0.020202020202020204,-0.08080808080808081
2018-07-08,-0.06,-0.33,-0.09,-0.29
2018-07-15,-0.13636363636363635,-0.19318181818181818,-0.09090909090909091,-0.17045454545454544
2018-07-22,-0.021052631578947368,-0.22105263157894736,-0.021052631578947368,-0.3157894736842105
2018-07-29,-0.046153846153846156,-0.12307692307692308,-0.046153846153846156,-0.15384615384615385
2018-08-05,0.04597701149425287,-0.1724137931034483,-0.04597701149425287,-0.08045977011494253
2018-08-12,-0.04938271604938271,-0.24691358024691357,-0.06172839506172839,-0.25925925925925924
2018-08-19,0.07142857142857142,-0.20238095238095238,0.023809523809523808,-0.11904761904761904
2018-08-26,-0.0898876404494382,-0.3146067415730337,-0.0898876404494382,-0.34831460674157305
2018-09-02,-0.15384615384615385,-0.3974358974358974,-0.14102564102564102,-0.32051282051282054
2018-09-09,0.02702702702702703,-0.20270270270270271,0.02702702702702703,-0.20270270270270271
2018-09-16,-0.05555555555555555,-0.2222222222222222,-0.05555555555555555,-0.16666666666666666
2018-09-23,-0.012048192771084338,-0.1927710843373494,-0.012048192771084338,-0.08433734939759036
2018-09-30,-0.08247422680412371,-0.18556701030927836,-0.09278350515463918,-0.16494845360824742
2018-10-07,-0.23300970873786409,-0.3592233009708738,-0.2524271844660194,-0.33980582524271846
2018-10-14,0.013333333333333334,-0.30666666666666664,-0.06666666666666667,-0.4266666666666667
2018-10-21,-0.009900990099009901,-0.18811881188118812,-0.009900990099009901,-0.13861386138613863
2018-10-28,-0.29577464788732394,-0.4647887323943662,-0.28169014084507044,-0.4788732394366197
2018-11-04,0.22950819672131148,-0.36065573770491804,0.22950819672131148,-0.32786885245901637
2018-11-11,-0.08823529411764706,-0.27941176470588236,-0.08823529411764706,-0.22058823529411764
2018-11-18,-0.21666666666666667,-0.1,-0.21666666666666667,-0.15
2018-11-25,0.423728813559322,-0.4915254237288136,0.4576271186440678,-0.4067796610169492
2018-12-02,0.011627906976744186,-0.16279069767441862,0.011627906976744186,-0.1511627906976744
2018-12-09,-0.07,-0.24,-0.08,-0.23
2018-12-16,-0.011235955056179775,-0.1797752808988764,-0.02247191011235955,-0.11235955056179775
2018-12-23,-0.11797752808988764,-0.38202247191011235,-0.12359550561797752,-0.38202247191011235
2018-12-30,0.0,-0.03571428571428571,0.0,-0.07142857142857142
2019-01-06,0.18840579710144928,-0.14492753623188406,0.18840579710144928,0.014492753623188406
2019-01-13,0.03896103896103896,-0.42857142857142855,0.07792207792207792,-0.4675324675324675
2019-01-20,0.0891089108910891,-0.2871287128712871,0.0891089108910891,-0.24752475247524752
2019-01-27,0.06578947368421052,-0.10526315789473684,0.06578947368421052,-0.21052631578947367
2019-02-03,0.1746031746031746,-0.2222222222222222,0.1746031746031746,-0.3968253968253968
2019-02-10,0.1111111111111111,-0.05555555555555555,0.1,0.011111111111111112
2019-02-17,0.06060606060606061,-0.2727272727272727,-0.06060606060606061,-0.18181818181818182
2019-02-24,0.0,-0.18181818181818182,0.0,-0.12727272727272726
2019-03-03,-0.07936507936507936,-0.2698412698412698,-0.07936507936507936,-0.19047619047619047
2019-03-10,0.0,-0.2631578947368421,-0.08771929824561403,-0.14035087719298245
2019-03-17,-0.057692307692307696,-0.3076923076923077,-0.057692307692307696,-0.28846153846153844
2019-03-24,-0.07692307692307693,-0.40384615384615385,-0.10576923076923077,-0.18269230769230768
2019-03-31,0.3780487804878049,0.07317073170731707,0.3780487804878049,0.1541041275797371
2019-04-07,0.2542372881355932,-0.2711864406779661,0.2542372881355932,0.03389830508474576
2019-04-14,0.03636363636363636,-0.05454545454545454,0.03636363636363636,-0.01818181818181818
2019-04-21,0.0,-0.13636363636363635,0.0,-0.09090909090909091
2019-04-28,0.0,-0.13793103448275862,0.0,-0.10344827586206896
2019-05-05,0.053691275167785234,-0.2348993288590604,-0.06711409395973154,-0.20134228187919462
2019-05-12,-0.010309278350515464,-0.2268041237113402,-0.020618556701030927,-0.1958762886597938
2019-05-19,0.009009009009009009,-0.12612612612612611,0.009009009009009009,-0.11711711711711711
2019-05-26,0.0364963503649635,-0.12408759124087591,0.0364963503649635,-0.06569343065693431
2019-06-02,0.058823529411764705,-0.024509803921568627,0.058823529411764705,-0.024509803921568627
2019-06-09,0.02610966057441253,-0.0835509138381201,0.028720626631853787,-0.09138381201044386
2019-06-16,0.02,-0.09333333333333334,0.022222222222222223,-0.09111111111111111
2019-06-23,0.03308823529411765,-0.0974264705882353,0.03308823529411765,-0.09191176470588236
2019-06-30,0.009900990099009901,-0.1782178217821782,0.011881188118811881,-0.18217821782178217
2019-07-07,0.02127659574468085,-0.07092198581560284,0.018912529550827423,-0.037825059101654845
2019-07-14,0.0,-0.1523076923076923,-0.0030816640986132513,-0.10615384615384615
2019-07-21,0.03382663847780127,-0.09302325581395349,0.03805496828752643,-0.052854122621564484
2019-07-28,0.04699738903394256,-0.07049608355091384,0.04699738903394256,-0.05221932114882506
2019-08-04,0.03398926654740608,-0.08765652951699464,0.03935599284436494,-0.023255813953488372
2019-08-11,0.060714285714285714,-0.05357142857142857,0.075,-0.06785714285714285
2019-08-18,0.14705882352941177,-0.04411764705882353,0.14705882352941177,0.03676470588235294
2019-08-25,-0.035398230088495575,-0.10619469026548672,-0.035398230088495575,-0.1504424778761062
2019-09-01,0.1368421052631579,-0.042105263157894736,0.1368421052631579,-0.08421052631578947
2019-09-08,0.0,-0.08,0.0,0.0
2019-09-15,0.04807692307692308,-0.10576923076923077,0.04807692307692308,-0.057692307692307696
2019-09-22,0.14685314685314685,-0.16083916083916083,0.24475524475524477,-0.13286713286713286
2019-09-29,0.07246376811594203,-0.028985507246376812,0.07246376811594203,-0.014492753623188406
2019-10-06,0.06,-0.1,0.08,-0.04
2019-10-13,0.05128205128205128,-0.07692307692307693,0.07051282051282051,0.01282051282051282
2019-10-20,0.2604166666666667,-0.23958333333333334,0.22916666666666666,0.0
2019-10-27,0.0,-0.02631578947368421,0.0,-0.13157894736842105
2019-11-03,0.3402061855670103,0.07731958762886598,0.3402061855670103,-0.020618556701030927
2019-11-10,0.2727272727272727,-0.23232323232323232,0.2878787878787879,-0.20707070707070707
2019-11-17,0.23529411764705882,-0.27058823529411763,0.20588235294117646,-0.23529411764705882
2019-11-24,0.3018867924528302,-0.2578616352201258,0.31446540880503143,-0.16352201257861634
2019-12-01,0.1346153846153846,-0.14423076923076922,0.1346153846153846,0.057692307692307696
2019-12-08,0.08275862068965517,-0.09655172413793103,0.05517241379310345,-0.06896551724137931
2019-12-15,0.06306306306306306,-0.009009009009009009,0.06306306306306306,-0.009009009009009009
2019-12-22,0.041379310344827586,-0.06206896551724138,0.041379310344827586,-0.041379310344827586
2019-12-29,-0.2682926829268293,-0.1951219512195122,-0.2682926829268293,-0.2926829268292683
2020-01-05,0.2840909090909091,0.0,0.2727272727272727,-0.011363636363636364
2020-01-12,0.14545454545454545,-0.06363636363636363,0.14545454545454545,-0.15454545454545454
2020-01-19,0.18243243243243243,-0.05405405405405406,0.1891891891891892,0.05405405405405406
2020-01-26,0.07446808510638298,-0.14893617021276595,0.10638297872340426,-0.031914893617021274
2020-02-02,0.11158798283261803,-0.034334763948497854,0.12446351931330472,-0.017167381974248927
2020-02-09,0.15447154471544716,-0.008130081300813009,0.12195121951219512,0.08130081300813008
2020-02-16,0.22058823529411764,-0.15441176470588236,0.22058823529411764,-0.19852941176470587
2020-02-23,0.07575757575757576,-0.09090909090909091,0.06565656565656566,-0.025252525252525252
2020-03-01,0.2072072072072072,0.0,0.2072072072072072,-0.07207207207207207
2020-03-08,0.2,-0.17142857142857143,0.19428571428571428,-0.17714285714285713
2020-03-15,0.2693877551020408,-0.15510204081632653,0.2979591836734694,-0.17142857142857143
2020-03-22,0.1890547263681592,-0.13930348258706468,0.20398009950248755,-0.13432835820895522
2020-03-29,0.14925373134328357,-0.011194029850746268,0.09701492537313433,-0.033582089552238806
2020-04-05,0.11935483870967742,-0.07741935483870968,0.12903225806451613,-0.02258064516129032
2020-04-12,0.16140350877192983,-0.11228070175438597,0.21754385964912282,-0.07368421052631578
2020-04-19,-0.02824858757062147,-0.1751412429378531,-0.03389830508474576,-0.192090395480226
2020-04-26,0.03134796238244514,-0.21316614420062696,0.0438871473354232,-0.12225705329153605
2020-05-03,0.208955223880597,-0.25870646766169153,0.21393034825870647,-0.12437810945273632
2020-05-10,0.22162162162162163,-0.032432432432432434,0.2,-0.10270270270270271
2020-05-17,0.17096774193548386,-0.03225806451612903,0.14193548387096774,0.01935483870967742
2020-05-24,0.14761904761904762,-0.06666666666666667,0.18095238095238095,-0.12380952380952381
2020-05-31,0.17194570135746606,-0.16289592760180996,0.16289592760180996,-0.08597285067873303
2020-06-07,0.22448979591836735,-0.1292517006802721,0.21768707482993196,-0.10884353741496598
2020-06-14,0.24598930481283424,-0.1657754010695187,0.27807486631016043,-0.18181818181818182
2020-06-21,0.19576719576719576,-0.31216931216931215,0.164021164021164,-0.2328042328042328
2020-06-28,0.1125,-0.1875,0.2375,-0.2375
2020-07-05,0.017241379310344827,-0.11206896551724138,0.0,-0.04310344827586207
2020-07-12,0.029850746268656716,-0.19402985074626866,0.014925373134328358,-0.14925373134328357
2020-07-19,0.022058823529411766,-0.125,0.022058823529411766,-0.10294117647058823
2020-07-26,0.35172413793103446,-0.43448275862068964,0.2896551724137931,-0.2896551724137931
2020-08-02,0.0,-0.2302158273381295,0.007194244604316547,-0.16546762589928057
2020-08-09,0.08,-0.3,0.17,-0.21
2020-08-16,0.02142857142857143,-0.21428571428571427,0.05,-0.15714285714285714
2020-08-23,0.04310344827586207,-0.1810344827586207,0.05172413793103448,-0.15517241379310345
2020-08-30,0.28994082840236685,-0.01775147928994083,0.28402366863905326,-0.03550295857988166
2020-09-06,0.1125,-0.04375,0.1625,0.01875
2020-09-13,0.21428571428571427,-0.1111111111111111,0.21428571428571427,-0.09523809523809523
2020-09-20,0.060240963855421686,-0.12048192771084337,0.07228915662650602,-0.012048192771084338
2020-09-27,0.17391304347826086,0.0,0.17391304347826086,0.06956521739130435
2020-10-04,0.033112582781456956,-0.026490066225165563,0.026490066225165563,-0.019867549668874173
2020-10-11,0.05806451612903226,0.03870967741935484,0.05806451612903226,0.0064516129032258064
2020-10-18,-0.022727272727272728,-0.24242424242424243,-0.045454545454545456,-0.15151515151515152
2020-10-25,0.057692307692307696,-0.009615384615384616,0.057692307692307696,-0.019230769230769232
2020-11-01,0.0425531914893617,-0.13297872340425532,0.0425531914893617,-0.12234042553191489
2020-11-08,-0.04895104895104895,-0.055944055944055944,-0.027972027972027972,-0.04895104895104895
2020-11-15,0.015267175572519083,-0.015267175572519083,0.0,-0.015267175572519083
2020-11-22,-0.031496062992125984,-0.15748031496062992,-0.007874015748031496,-0.07874015748031496
2020-11-29,0.10416666666666667,-0.13541666666666666,0.020833333333333332,-0.13541666666666666
2020-12-06,0.0547945205479452,-0.0684931506849315,0.0547945205479452,-0.03424657534246575
2020-12-13,0.0072992700729927005,-0.06569343065693431,0.0072992700729927005,-0.043795620437956206
2020-12-20,0.17180616740088106,-0.19823788546255505,0.16740088105726872,-0.20704845814977973
2020-12-27,0.061855670103092786,0.0,0.061855670103092786,-0.010309278350515464
2021-01-03,0.0625,-0.125,0.08333333333333333,-0.08333333333333333
2021-01-10,0.005434782608695652,-0.043478260869565216,0.0,-0.005434782608695652
2021-01-17,0.07246376811594203,-0.07246376811594203,0.07971014492753623,-0.057971014492753624
2021-01-24,0.044585987261146494,-0.01910828025477707,0.050955414012738856,0.006369426751592357
2021-01-31,0.15789473684210525,-0.022556390977443608,0.15037593984962405,-0.022556390977443608
2021-02-07,-0.00847457627118644,-0.09322033898305085,0.025423728813559324,-0.0423728813559322
2021-02-14,0.11688311688311688,-0.1038961038961039,0.11688311688311688,-0.1038961038961039
2021-02-21,-0.0111731843575419,-0.21787709497206703,0.0111731843575419,-0.1005586592178771
2021-02-28,0.006060606060606061,-0.11515151515151516,0.012121212121212121,-0.1393939393939394
2021-03-07,0.11764705882352941,-0.058823529411764705,0.12941176470588237,-0.10588235294117647
2021-03-14,-0.03816793893129771,-0.183206106870229,-0.03816793893129771,-0.16030534351145037
2021-03-21,-0.022988505747126436,-0.2413793103448276,0.05747126436781609,-0.21839080459770116
2021-03-28,-0.015384615384615385,-0.12307692307692308,-0.03076923076923077,-0.038461538461538464
2021-04-04,-0.022556390977443608,-0.14285714285714285,-0.022556390977443608,-0.07518796992481203
2021-04-11,0.027522935779816515,-0.11926605504587157,0.027522935779816515,-0.045871559633027525
2021-04-18,0.0,-0.14960629921259844,0.0,-0.08661417322834646
2021-04-25,0.12280701754385964,-0.13157894736842105,0.12280701754385964,-0.13157894736842105
2021-05-02,0.01744186046511628,-0.13953488372093023,0.011627906976744186,-0.08139534883720931
2021-05-09,-0.15853658536585366,-0.2865853658536585,-0.10365853658536585,-0.27439024390243905
2021-05-16,0.06299212598425197,-0.2677165354330709,0.06299212598425197,-0.25984251968503935
2021-05-23,-0.07042253521126761,-0.38028169014084506,-0.07042253521126761,-0.3028169014084507
2021-05-30,0.037037037037037035,-0.24691358024691357,-0.06172839506172839,-0.2222222222222222
2021-06-06,0.05714285714285714,-0.10476190476190476,0.06666666666666667,-0.05714285714285714
2021-06-13,-0.09090909090909091,-0.2727272727272727,-0.10909090909090909,-0.2545454545454545
2021-06-20,0.15976331360946747,-0.4378698224852071,0.15384615384615385,-0.14201183431952663
2021-06-27,-0.20454545454545456,-0.3068181818181818,-0.20454545454545456,-0.2840909090909091
2021-07-04,0.12,-0.25,0.12,-0.21
2021-07-11,0.11864406779661017,-0.23728813559322035,0.11864406779661017,-0.03389830508474576
2021-07-18,0.04672897196261682,-0.4485981308411215,0.056074766355140186,-0.3644859813084112
2021-07-25,0.15966386554621848,-0.3277310924369748,0.15966386554621848,-0.24369747899159663
2021-08-01,0.04672897196261682,-0.1588785046728972,-0.018691588785046728,-0.14953271028037382
2021-08-08,0.12244897959183673,-0.22448979591836735,0.10204081632653061,-0.20408163265306123
2021-08-15,0.0,-0.3114754098360656,-0.00819672131147541,-0.30327868852459017
2021-08-22,0.0,-0.15,0.025,-0.175
2021-08-29,0.16666666666666666,-0.7222222222222222,0.16666666666666666,-0.7222222222222222
2021-09-05,0.0,-0.5370370370370371,-0.1111111111111111,-0.5925925925925926
2021-09-12,-0.10679611650485436,-0.7864077669902912,0.038834951456310676,-0.7961165048543689
2021-09-19,-0.09523809523809523,-0.40476190476190477,0.0,-0.4523809523809524
2021-09-26,0.3246753246753247,-0.4025974025974026,0.37662337662337664,-0.2987012987012987
2021-10-03,0.47619047619047616,-0.42857142857142855,0.47619047619047616,0.09523809523809523
2021-10-10,0.18181818181818182,-0.18181818181818182,0.18181818181818182,-0.2727272727272727
2021-10-17,0.13636363636363635,-0.4090909090909091,0.13636363636363635,-0.22727272727272727
2021-10-24,-0.04938271604938271,-0.37037037037037035,-0.09876543209876543,-0.30864197530864196
2021-10-31,0.05154639175257732,-0.20618556701030927,0.05154639175257732,-0.35051546391752575
2021-11-07,-0.22448979591836735,-0.42857142857142855,-0.22448979591836735,-0.5306122448979592
2021-11-14,-0.03804347826086957,0.14673913043478262,-0.010869565217391304,-0.22282608695652173
2021-11-21,0.03676470588235294,-0.5735294117647058,0.23529411764705882,-0.6764705882352942
2021-11-28,0.16666666666666666,-0.2037037037037037,0.16666666666666666,-0.24074074074074073
2021-12-05,0.12173913043478261,-0.09565217391304348,0.22608695652173913,-0.09565217391304348
2021-12-12,0.11627906976744186,-0.6395348837209303,0.1511627906976744,-0.4069767441860465
2021-12-19,0.013333333333333334,-0.5066666666666667,0.06666666666666667,-0.4666666666666667
2021-12-26,-0.2222222222222222,-0.1111111111111111,-0.2222222222222222,-0.1111111111111111
2022-01-02,0.5675833333333324,-0.5714285714285714,0.5314607843137237,-0.5714285714285714
2022-01-09,-0.42857142857142855,-0.6964285714285714,-0.4107142857142857,-0.7321428571428571
2022-01-16,-0.5283018867924528,-0.7735849056603774,-0.5471698113207547,-0.7547169811320755
2022-01-23,-0.2605042016806723,-0.31932773109243695,-0.2605042016806723,-0.33613445378151263
2022-01-30,-0.05405405405405406,-0.5027027027027027,-0.010810810810810811,-0.4
2022-02-06,-0.39285714285714285,-0.8071428571428572,-0.29285714285714287,-0.8452894736842105
2022-02-13,-0.4451219512195122,-0.8966125,-0.43902439024390244,-0.8452894736842105
2022-02-20,0.14673913043478262,-0.29891304347826086,0.14673913043478262,-0.5543478260869565
2022-02-27,-0.04721030042918455,-0.20600858369098712,-0.034334763948497854,-0.2575107296137339
2022-03-06,-0.10646387832699619,-0.3231939163498099,-0.11026615969581749,-0.34600760456273766
2022-03-13,-0.1079136690647482,-0.26618705035971224,-0.07913669064748201,-0.3381294964028777
2022-03-20,-0.10714285714285714,-0.4107142857142857,-0.10714285714285714,-0.27380952380952384
2022-03-27,-0.02631578947368421,-0.7236842105263158,-0.02631578947368421,-0.4342105263157895
2022-04-03,0.07272727272727272,-0.07272727272727272,0.07272727272727272,-0.07272727272727272
2022-04-10,-0.056818181818181816,-0.3522727272727273,-0.1590909090909091,-0.3068181818181818
2022-04-17,0.24242424242424243,-0.7373737373737373,-0.1919191919191919,-0.5050505050505051
2022-04-24,-0.23828125,-0.61328125,-0.2265625,-0.5703125
2022-05-01,-0.2569444444444444,-0.8958333333333334,-0.2361111111111111,-0.7291666666666666
2022-05-08,-0.3741496598639456,-0.7120181405895691,-0.3741496598639456,-0.7165532879818595
2022-05-15,-0.08812260536398467,-0.5440613026819924,-0.13793103448275862,-0.5478927203065134
2022-05-22,-0.14583333333333334,-0.3125,-0.08333333333333333,-0.1875
2022-05-29,-0.0761904761904762,-0.5238095238095238,-0.10476190476190476,-0.3142857142857143
2022-06-05,-0.12121212121212122,-0.6212121212121212,-0.13636363636363635,-0.7121212121212122
2022-06-12,-0.611764705882353,-0.8966125,-0.5801052631578948,-0.8452894736842105
2022-06-19,-0.34190231362467866,-0.5809768637532133,-0.3033419023136247,-0.583547557840617
2022-06-26,0.0,-0.32710280373831774,-0.018691588785046728,-0.24299065420560748
2022-07-03,-0.08835341365461848,-0.20481927710843373,0.13253012048192772,-0.11244979919678715
2022-07-10,-0.06435643564356436,-0.14356435643564355,-0.06435643564356436,-0.19306930693069307
2022-07-17,-0.09090909090909091,-0.5404040404040404,-0.10101010101010101,-0.4292929292929293
2022-07-24,0.011904761904761904,-0.42857142857142855,-0.03571428571428571,-0.20238095238095238
2022-07-31,-0.10311750599520383,-0.486810551558753,-0.19424460431654678,-0.45323741007194246
2022-08-07,-0.11740890688259109,-0.5668016194331984,-0.1659919028340081,-0.4777327935222672
2022-08-14,-0.13095238095238096,-0.5952380952380952,-0.11904761904761904,-0.6309523809523809
2022-08-21,0.20588235294117646,-0.14705882352941177,0.20588235294117646,-0.2647058823529412
2022-08-28,-0.2375,-0.4125,-0.1875,-0.4875
2022-09-04,-0.06382978723404255,-0.5106382978723404,-0.06382978723404255,-0.46808510638297873
2022-09-11,-0.43137254901960786,-0.7058823529411765,-0.43137254901960786,-0.6274509803921569
2022-09-18,-0.34959349593495936,-0.6016260162601627,-0.34959349593495936,-0.5691056910569106
2022-09-25,-0.25112107623318386,-0.6995515695067265,-0.273542600896861,-0.6547085201793722
2022-10-02,0.2066115702479339,-0.5785123966942148,0.09917355371900827,-0.5537190082644629
2022-10-09,-0.02586206896551724,-0.853448275862069,-0.09482758620689655,-0.75
2022-10-16,0.23880597014925373,-0.7313432835820896,0.23880597014925373,-0.6791044776119403
2022-10-23,-0.209366391184573,-0.46005509641873277,-0.22038567493112948,-0.512396694214876
2022-10-30,-0.34794520547945207,-0.6273972602739726,-0.336986301369863,-0.6547945205479452
2022-11-06,-0.6132018817204301,-0.8966125,-0.5801052631578948,-0.825
2022-11-13,-0.033783783783783786,-0.75,-0.057432432432432436,-0.7331081081081081
2022-11-20,-0.10272873194221509,-0.5248796147672552,-0.09470304975922954,-0.593900481540931
2022-11-27,-0.06514657980456026,-0.38436482084690554,-0.07166123778501629,-0.30944625407166126
2022-12-04,-0.18315018315018314,-0.6227106227106227,-0.152014652014652,-0.5769230769230769
2022-12-11,-0.1949367088607595,-0.4278481012658228,-0.17974683544303796,-0.4379746835443038
2022-12-18,-0.061381074168797956,-0.41687979539641945,-0.06905370843989769,-0.33631713554987214
2022-12-25,-0.32510288065843623,-0.588477366255144,-0.3168724279835391,-0.5555555555555556
2023-01-01,0.13909774436090225,-0.16165413533834586,0.12406015037593984,-0.10150375939849623
2023-01-08,-0.14040114613180515,-0.660458452722063,-0.23209169054441262,-0.6045845272206304
2023-01-15,-0.29737609329446063,-0.4139941690962099,-0.3032069970845481,-0.4489795918367347
2023-01-22,-0.13253012048192772,-0.30120481927710846,-0.11746987951807229,-0.3614457831325301
2023-01-29,0.18527315914489312,0.004750593824228029,0.1187648456057007,-0.023752969121140142
2023-02-05,0.0032,-0.2784,-0.008,-0.2736
2023-02-12,-0.49245283018867925,-0.6773584905660377,-0.49056603773584906,-0.6698113207547169
2023-02-19,-0.31610337972166996,-0.7554671968190855,-0.3359840954274354,-0.6361829025844931
2023-02-26,-0.4666666666666667,-0.7034482758620689,-0.4666666666666667,-0.7126436781609196
2023-03-05,-0.012345679012345678,-0.7407407407407407,0.08641975308641975,-0.5925925925925926
2023-03-12,-0.09630606860158311,-0.3021108179419525,-0.1358839050131926,-0.4129287598944591
2023-03-19,0.15255813953488373,-0.21953488372093025,0.13953488372093023,-0.18790697674418605
2023-03-26,0.2754237288135593,-0.3559322033898305,0.2457627118644068,-0.3305084745762712
2023-04-02,0.35353535353535354,-0.15151515151515152,0.29292929292929293,-0.25252525252525254
2023-04-09,-0.4583333333333333,-0.6458333333333334,-0.4375,-0.625
2023-04-16,-0.17204301075268819,-0.45161290322580644,-0.08602150537634409,-0.41935483870967744
2023-04-23,-0.15555555555555556,-0.4888888888888889,-0.15555555555555556,-0.4444444444444444
2023-04-30,0.0,-0.7241379310344828,0.0,-0.5517241379310345
2023-05-07,-0.07569721115537849,-0.3745019920318725,-0.11553784860557768,-0.35856573705179284
2023-05-14,-0.26666666666666666,-0.5555555555555556,-0.2222222222222222,-0.4444444444444444
2023-05-21,-0.06976744186046512,-0.2558139534883721,0.0,-0.32558139534883723
2023-05-28,-0.3,-0.5,-0.43333333333333335,-0.3
2023-06-04,-0.20689655172413793,-0.6551724137931034,-0.20689655172413793,-0.5517241379310345
2023-06-11,0.030303030303030304,-0.5757575757575758,0.030303030303030304,-0.5757575757575758
2023-06-18,0.06,-0.48,0.09,-0.61
2023-06-25,-0.25,-0.375,-0.25,-0.3125
2023-07-02,-0.046153846153846156,-0.09230769230769231,-0.12307692307692308,-0.05384615384615385
2023-07-09,0.40816326530612246,-0.10204081632653061,0.3979591836734694,-0.030612244897959183
2023-07-16,0.47619047619047616,0.1563846153846131,0.4523809523809524,-0.023809523809523808
2023-07-23,-0.02666666666666667,-0.09333333333333334,-0.02666666666666667,-0.16
2023-07-30,-0.09259259259259259,-0.2716049382716049,-0.11728395061728394,-0.2345679012345679
2023-08-06,-0.6132018817204301,-0.8205128205128205,-0.5801052631578948,-0.8205128205128205
2023-08-13,-0.34951456310679613,-0.6893203883495146,-0.4077669902912621,-0.6213592233009708
2023-08-20,-0.16393442622950818,-0.3770491803278688,-0.13114754098360656,-0.4098360655737705
2023-08-27,0.027777777777777776,-0.5092592592592593,0.018518518518518517,-0.5185185185185185
2023-09-03,0.5294117647058824,-0.11764705882352941,0.5294117647058824,-0.23529411764705882
2023-09-10,-0.10526315789473684,-0.21052631578947367,-0.13157894736842105,-0.18421052631578946
2023-09-17,-0.4567901234567901,-0.5555555555555556,-0.4567901234567901,-0.41975308641975306
2023-09-24,-0.4772727272727273,-0.8409090909090909,-0.4772727272727273,-0.6704545454545454
2023-10-01,0.02127659574468085,-0.5957446808510638,0.02127659574468085,-0.7021276595744681
2023-10-08,-0.2716049382716049,-0.14814814814814814,0.41975308641975306,-0.37037037037037035
2023-10-15,0.38461538461538464,0.15384615384615385,0.38461538461538464,0.15384615384615385
2023-10-22,-0.52,-0.48,-0.5333333333333333,-0.6
2023-10-29,-0.6132018817204301,-0.8966125,-0.5789473684210527,-0.8421052631578947
2023-11-05,-0.09090909090909091,-0.2644628099173554,-0.024793388429752067,-0.17355371900826447
2023-11-12,0.2916666666666667,-0.25,0.2916666666666667,0.0
2023-11-19,0.2826086956521739,-0.08695652173913043,0.2608695652173913,0.043478260869565216
2023-11-26,0.31666666666666665,0.13333333333333333,0.31666666666666665,0.05
2023-12-03,0.2826086956521739,0.043478260869565216,0.2826086956521739,0.0
2023-12-10,0.13333333333333333,-0.18666666666666668,0.09333333333333334,-0.06666666666666667
2023-12-17,0.2727272727272727,-0.17424242424242425,0.2727272727272727,-0.18181818181818182
2023-12-24,0.14285714285714285,-0.07142857142857142,0.14285714285714285,-0.35714285714285715
2023-12-31,0.5675833333333324,-0.2,0.5314607843137237,-0.23076923076923078
2024-01-07,-0.3103448275862069,-0.4827586206896552,-0.10344827586206896,-0.4482758620689655
2024-01-14,0.2413793103448276,-0.13793103448275862,0.2413793103448276,-0.20689655172413793
2024-01-21,-0.48148148148148145,-0.25925925925925924,-0.5185185185185185,-0.4074074074074074
2024-01-28,-0.22727272727272727,-0.5454545454545454,-0.22727272727272727,-0.4090909090909091
2024-02-04,0.25675675675675674,-0.33783783783783783,0.0945945945945946,-0.3108108108108108
2024-02-11,0.0,-0.5263157894736842,-0.017543859649122806,-0.2807017543859649
2024-02-18,-0.023255813953488372,-0.3023255813953488,-0.046511627906976744,-0.3023255813953488
2024-02-25,-0.6129032258064516,-0.41935483870967744,0.3870967741935484,-0.6774193548387096
2024-03-03,0.3918918918918919,-0.47297297297297297,0.43243243243243246,-0.5
2024-03-10,0.17045454545454544,-0.23863636363636365,0.17045454545454544,-0.045454545454545456
2024-03-17,0.04081632653061224,-0.5918367346938775,0.04081632653061224,-0.6428571428571429
2024-03-24,0.31496062992125984,-0.3464566929133858,0.36220472440944884,-0.2125984251968504
2024-03-31,0.3333333333333333,-0.2222222222222222,0.3333333333333333,0.1111111111111111
2024-04-07,0.367816091954023,-0.5517241379310345,0.3563218390804598,-0.3218390804597701
2024-04-14,0.25925925925925924,-0.12345679012345678,0.14814814814814814,-0.5802469135802469
2024-04-21,0.23076923076923078,-0.1282051282051282,0.2564102564102564,-0.1282051282051282
2024-04-28,-0.6132018817204301,-0.8461538461538461,-0.5801052631578948,-0.8452894736842105
2024-05-05,0.2608695652173913,-0.16304347826086957,0.29347826086956524,-0.05434782608695652
2024-05-12,-0.2153846153846154,-0.3230769230769231,-0.23076923076923078,-0.2923076923076923
2024-05-19,0.26,0.0,0.26,0.06
2024-05-26,0.3125,-0.1875,0.3125,-0.1875
2024-06-02,0.11363636363636363,-0.09090909090909091,0.11363636363636363,-0.25
2024-06-09,0.32,0.08,0.24,0.1541041275797371
2024-06-16,0.37037037037037035,-0.46296296296296297,0.37037037037037035,-0.5925925925925926
2024-06-23,0.0,-0.041666666666666664,0.0,-0.08333333333333333
2024-06-30,0.11764705882352941,-0.35294117647058826,0.11764705882352941,-0.47058823529411764
2024-07-07,0.047619047619047616,-0.07142857142857142,0.07142857142857142,-0.023809523809523808
2024-07-14,0.5666666666666667,0.1563846153846131,0.5314607843137237,0.1541041275797371
2024-07-21,0.296875,0.09375,0.328125,0.140625
2024-07-28,0.3076923076923077,-0.038461538461538464,0.3076923076923077,-0.07692307692307693
2024-08-04,0.4277456647398844,-0.31213872832369943,0.4624277456647399,-0.3352601156069364
2024-08-11,0.4583333333333333,-0.3645833333333333,0.4895833333333333,-0.4166666666666667
2024-08-18,0.13333333333333333,-0.1,0.13333333333333333,-0.16666666666666666
2024-08-25,0.5675833333333324,-0.05952380952380952,0.5,0.047619047619047616
2024-09-01,-0.35714285714285715,-0.5714285714285714,-0.3333333333333333,-0.5238095238095238
2024-09-08,-0.04597701149425287,-0.25287356321839083,-0.04597701149425287,-0.20689655172413793
2024-09-15,0.39622641509433965,0.1563846153846131,0.39622641509433965,0.1541041275797371
2024-09-22,0.12222222222222222,-0.15555555555555556,0.07777777777777778,-0.15555555555555556
2024-09-29,0.3064516129032258,-0.3387096774193548,0.3064516129032258,-0.20161290322580644
2024-10-06,-0.009433962264150943,-0.1792452830188679,-0.018867924528301886,-0.14150943396226415
2024-10-13,0.21212121212121213,-0.13636363636363635,0.24242424242424243,-0.12121212121212122
2024-10-20,0.0,-0.06060606060606061,0.030303030303030304,-0.030303030303030304
2024-10-27,0.14814814814814814,-0.3333333333333333,0.14814814814814814,-0.2222222222222222
2024-11-03,0.0,-0.2692307692307692,0.0,-0.15384615384615385
2024-11-10,0.375,-0.25,0.3333333333333333,-0.375
2024-11-17,0.24528301886792453,-0.4716981132075472,0.24528301886792453,-0.41509433962264153
2024-11-24,0.5675833333333324,-0.4444444444444444,0.5314607843137237,-0.8055555555555556
2024-12-01,0.08163265306122448,-0.10204081632653061,0.08163265306122448,-0.24489795918367346
2024-12-08,0.07692307692307693,-0.21153846153846154,0.07692307692307693,-0.19230769230769232
2024-12-15,0.11864406779661017,-0.1016949152542373,0.1864406779661017,-0.4406779661016949
2024-12-22,0.010101010101010102,-0.2828282828282828,-0.12121212121212122,-0.21212121212121213
2024-12-29,0.17142857142857143,-0.37142857142857144,0.17142857142857143,-0.4
2025-01-05,-0.5,-0.6346153846153846,0.5,-0.5384615384615384
2025-01-12,0.047058823529411764,-0.5647058823529412,0.07058823529411765,-0.43529411764705883
2025-01-19,0.06060606060606061,-0.36363636363636365,0.0,-0.5757575757575758
2025-01-26,-0.20952380952380953,-0.38095238095238093,-0.21904761904761905,-0.3619047619047619
2025-02-02,-0.06217616580310881,-0.34196891191709844,-0.06217616580310881,-0.27979274611398963
2025-02-09,0.045871559633027525,-0.1926605504587156,0.13761467889908258,-0.1559633027522936
2025-02-16,-0.05,-0.4875,-0.0375,-0.425
2025-02-23,-0.21428571428571427,-0.8095238095238095,-0.21428571428571427,-0.3333333333333333
2025-03-02,0.0,0.1563846153846131,0.0,-0.4
